,Date_reported,New_cases_CH,Cumulative_cases_CH,New_deaths_CH,Cumulative_deaths_CH,New_cases_US,Cumulative_cases_US,New_deaths_US,Cumulative_deaths_US,l_new_us,l_new_ch,l_death_us,l_death_ch,cproducts_notbasic_ch,cproducts_ch,healthcare_ch,lag_cpnb_ch,lag_cp_ch,lag_hc_ch,SP500,COMEX_Gold,US_Tbill_10yr,DJI_Pharma,DJI_Retail,lag_SP500,lag_COMEX_Gold,lag_US_Tbill_10yr,lag_DJI_Pharma,lag_DJI_Retail,lag14_New_cases_CH,lag14_New_cases_US,lag_New_cases_CH,lag_New_cases_US,lag14_SP500,lag14_COMEX_Gold,lag14_US_Tbill_10yr,lag14_DJI_Pharma,lag14_DJI_Retail,lag14_cpnb_ch,lag14_cp_ch,lag14_hc_ch,CSI300,llag14_New_cases_CH,llag14_New_cases_US,llag_New_cases_CH,llag_New_cases_US,lSP500,lCSI300
0,2020-01-03,0,0,0,0,0,0,0,0,,,,,5102.42,16071.93,10013.96,,,,3234.85,1551.7,1.8,838.26,1397.6,,,,,,0,0,,,,,,,,,,,4144.96,,,,,8.081737838008356,8.329648417341891
1,2020-01-06,3,4,0,0,0,0,0,0,,1.0986122886681098,,,5086.09,16069.28,9966.94,5102.42,16071.93,10013.96,3246.28,1565.5,1.81,841.55,1408.76,3234.85,1551.7,1.8,838.26,1397.6,0,0,0.0,0.0,,,,,,,,,4129.3,,,,,8.08526500436668,8.325863180064342
2,2020-01-07,0,4,0,0,0,0,0,0,,,,,5167.9,16439.04,10105.13,5086.09,16069.28,9966.94,3237.18,1576.3,1.83,840.15,1404.84,3246.28,1565.5,1.81,841.55,1408.76,0,0,3.0,0.0,,,,,,,,,4160.23,,,1.0986122886681098,,8.082457859423789,8.333325640188496
3,2020-01-08,0,4,0,0,0,0,0,0,,,,,5183.47,16359.55,10003.02,5167.9,16439.04,10105.13,3253.05,1552.3,1.87,843.45,1405.87,3237.18,1576.3,1.83,840.15,1404.84,0,0,0.0,0.0,,,,,,,,,4112.32,,,,,8.087348296782526,8.321742625118777
4,2020-01-09,0,4,0,0,0,0,0,0,,,,,5269.66,16531.54,10251.5,5183.47,16359.55,10003.02,3274.7,1548.8,1.85,849.37,1413.52,3253.05,1552.3,1.87,843.45,1405.87,0,0,0.0,0.0,,,,,,,,,4164.37,,,,,8.093981540820101,8.334320282655717
5,2020-01-10,0,4,0,0,0,0,0,0,,,,,5263.25,16542.9,10308.08,5269.66,16531.54,10251.5,3265.35,1558.8,1.83,850.11,1404.24,3274.7,1548.8,1.85,849.37,1413.52,0,0,0.0,0.0,,,,,,,,,4163.18,,,,,8.091122233515055,8.334034484309722
6,2020-01-13,0,45,0,1,0,0,0,0,,,,,5308.39,16791.48,10385.47,5263.25,16542.9,10308.08,3288.13,1548.9,1.85,847.82,1408.78,3265.35,1558.8,1.83,850.11,1404.24,0,0,0.0,0.0,,,,,,,,,4203.99,,,,,8.098074293107372,8.343789353307049
7,2020-01-14,0,45,0,1,0,0,0,0,,,,,5304.54,16636.38,10311.42,5308.39,16791.48,10385.47,3283.15,1544.8,1.82,855.76,1405.11,3288.13,1548.9,1.85,847.82,1408.78,0,0,0.0,0.0,,,,,,,,,4189.89,,,,,8.096558606375599,8.340429759588273
8,2020-01-15,0,45,0,1,0,0,0,0,,,,,5258.92,16661.34,10350.57,5304.54,16636.38,10311.42,3289.29,1552.3,1.79,861.55,1399.49,3283.15,1544.8,1.82,855.76,1405.11,0,0,0.0,0.0,,,,,,,,,4166.73,,,,,8.098427014998942,8.334886834506763
9,2020-01-16,0,45,0,1,0,0,0,0,,,,,5245.63,16685.29,10370.08,5258.92,16661.34,10350.57,3316.81,1548.5,1.81,862.58,1410.1,3289.29,1552.3,1.79,861.55,1399.49,0,0,0.0,0.0,,,,,,,,,4149.04,,,,,8.106758756631143,8.330632261163714
10,2020-01-17,4,49,1,2,0,0,0,0,,1.3862943611198906,,0.0,5265.34,16561.87,10453.15,5245.63,16685.29,10370.08,3329.62,1558.0,1.84,861.13,1410.6,3316.81,1548.5,1.81,862.58,1410.1,0,0,0.0,0.0,,,,,,,,,4154.85,,,,,8.110613462348864,8.332031605554857
11,2020-01-21,93,295,2,6,0,5,0,0,,4.532599493153255,,0.6931471805599453,5136.12,16164.8,10773.62,5265.34,16561.87,10453.15,3320.79,1556.3,1.78,858.83,1418.25,3329.62,1558.0,1.84,861.13,1410.6,0,0,4.0,0.0,,,,,,,,,4185.83,,,1.3862943611198906,,8.107957985411723,8.339460290618922
12,2020-01-22,152,447,3,9,0,5,0,0,,5.0238805208462765,,1.0986122886681098,5147.16,16101.56,10638.19,5136.12,16164.8,10773.62,3321.75,1556.5,1.77,857.29,1413.94,3320.79,1556.3,1.78,858.83,1418.25,0,0,93.0,0.0,,,,,,,,,4114.31,,,4.532599493153256,,8.108247031471418,8.32222641982908
13,2020-01-23,131,578,8,17,0,5,0,0,,4.875197323201151,,2.0794415416798357,4958.59,15440.83,10422.04,5147.16,16101.56,10638.19,3325.54,1563.5,1.74,853.02,1421.15,3321.75,1556.5,1.77,857.29,1413.94,0,0,152.0,0.0,,,,,,,,,4131.93,,,5.0238805208462765,,8.109387345918563,8.326499889147337
14,2020-02-03,2827,17242,57,361,3,15,0,0,1.0986122886681098,7.946971357693591,,4.043051267834549,4516.24,14228.68,9979.54,4958.59,15440.83,10422.04,3248.92,1576.1,1.54,828.47,1428.87,3325.54,1563.5,1.74,853.02,1421.15,0,0,131.0,0.0,3234.85,1551.7,1.8,838.26,1397.6,5102.42,16071.93,10013.96,3688.36,,,4.875197323201151,,8.08607791240504,8.212937193795423
15,2020-02-04,3233,20475,64,425,0,15,0,0,,8.081165777725433,,4.1588830833596715,4663.49,14610.4,10362.07,4516.24,14228.68,9979.54,3297.59,1551.5,1.61,841.57,1452.15,3248.92,1576.1,1.54,828.47,1428.87,3,0,2827.0,3.0,3246.28,1565.5,1.81,841.55,1408.76,5086.09,16069.28,9966.94,3785.64,1.0986122886681098,,7.946971357693591,1.0986122886681098,8.100947177623105,8.238970240084964
16,2020-02-05,3892,24367,66,491,0,15,0,0,,8.266678443305896,,4.189654742026425,4753.77,14845.29,10783.71,4663.49,14610.4,10362.07,3334.69,1555.2,1.66,854.55,1463.44,3297.59,1551.5,1.61,841.57,1452.15,0,0,3233.0,0.0,3237.18,1576.3,1.83,840.15,1404.84,5167.9,16439.04,10105.13,3828.53,,,8.081165777725433,,8.11213500050604,8.250236196489567
17,2020-02-06,3697,28064,73,564,1,16,0,0,0.0,8.215276958936633,,4.290459441148391,4867.71,15254.3,11170.91,4753.77,14845.29,10783.71,3345.78,1565.6,1.65,857.9,1464.79,3334.69,1555.2,1.66,854.55,1463.44,0,0,3892.0,0.0,3253.05,1552.3,1.87,843.45,1405.87,5183.47,16359.55,10003.02,3899.78,,,8.266678443305896,,8.115455129235702,8.26867542027021
18,2020-02-07,3151,31215,73,637,0,16,0,0,,8.055475141757274,,4.290459441148391,4866.09,15381.33,10983.55,4867.71,15254.3,11170.91,3327.71,1570.0,1.59,855.35,1468.95,3345.78,1565.6,1.65,857.9,1464.79,0,0,3697.0,1.0,3274.7,1548.8,1.85,849.37,1413.52,5269.66,16531.54,10251.5,3899.87,,,8.215276958936633,0.0,8.110039658721162,8.268698498228837
19,2020-02-10,2985,40240,97,909,0,16,0,0,,8.001355025826703,,4.574710978503383,4900.5,15573.79,10842.39,4866.09,15381.33,10983.55,3352.09,1573.7,1.56,860.13,1486.98,3327.71,1570.0,1.59,855.35,1468.95,0,0,3151.0,0.0,3265.35,1558.8,1.83,850.11,1404.24,5263.25,16542.9,10308.08,3916.01,,,8.055475141757274,,8.117339310883533,8.27282855727329
20,2020-02-11,2472,42712,108,1017,1,17,0,0,0.0,7.812782818577582,,4.68213122712422,4954.97,15714.01,10837.78,4900.5,15573.79,10842.39,3357.75,1566.9,1.59,862.01,1495.1,3352.09,1573.7,1.56,860.13,1486.98,0,0,2985.0,0.0,3288.13,1548.9,1.85,847.82,1408.78,5308.39,16791.48,10385.47,3952.46,,,8.001355025826703,,8.119026385789185,8.282093448855315
21,2020-02-12,2022,44734,97,1114,0,17,0,0,,7.611842399580418,,4.574710978503383,4993.41,15777.16,10955.09,4954.97,15714.01,10837.78,3379.45,1568.7,1.62,858.73,1506.83,3357.75,1566.9,1.59,862.01,1495.1,0,0,2472.0,1.0,3283.15,1544.8,1.82,855.76,1405.11,5304.54,16636.38,10311.42,3984.43,,,7.812782818577581,0.0,8.12546825334293,8.290149544607187
22,2020-02-13,15152,59886,254,1368,2,19,0,0,0.6931471805599453,9.625887815425859,,5.5373342670185375,4929.95,15682.95,10832.18,4993.41,15777.16,10955.09,3373.94,1572.5,1.61,849.38,1507.01,3379.45,1568.7,1.62,858.73,1506.83,0,0,2022.0,0.0,3289.29,1552.3,1.79,861.55,1399.49,5258.92,16661.34,10350.57,3959.92,,,7.611842399580417,,8.123836479900964,8.283979102024261
23,2020-02-14,4050,63936,13,1381,0,19,0,0,,8.306472160100585,,2.5649493574615367,4922.28,15822.6,10835.04,4929.95,15682.95,10832.18,3380.16,1581.8,1.59,849.68,1504.45,3373.94,1572.5,1.61,849.38,1507.01,0,0,15152.0,2.0,3316.81,1548.5,1.81,862.58,1410.1,5245.63,16685.29,10370.08,3987.73,,,9.625887815425859,0.6931471805599453,8.125678324634798,8.290977425680442
24,2020-02-18,1893,72532,98,1870,0,19,0,0,,7.545918151209322,,4.584967478670572,5051.35,15980.07,11013.28,4922.28,15822.6,10835.04,3370.29,1600.9,1.55,846.76,1514.49,3380.16,1581.8,1.59,849.68,1504.45,4,0,4050.0,0.0,3329.62,1558.0,1.84,861.13,1410.6,5265.34,16561.87,10453.15,4057.51,1.3862943611198906,,8.306472160100585,,8.122754073056488,8.30832476395749
25,2020-02-19,1751,74283,136,2006,0,19,0,0,,7.467942332285852,,4.912654885736052,5033.01,16165.02,10788.48,5051.35,15980.07,11013.28,3386.15,1609.9,1.56,848.19,1518.14,3370.29,1600.9,1.55,846.76,1514.49,93,0,1893.0,0.0,3320.79,1556.3,1.78,858.83,1418.25,5136.12,16164.8,10773.62,4051.31,4.532599493153256,,7.545918151209323,,8.12744886177093,8.306795564589839
26,2020-02-20,396,74679,115,2121,0,19,0,0,,5.9814142112544815,,4.74493212836325,5181.22,16486.44,10913.08,5033.01,16165.02,10788.48,3373.23,1618.7,1.52,845.58,1519.42,3386.15,1609.9,1.56,848.19,1518.14,152,0,1751.0,0.0,3321.75,1556.5,1.77,857.29,1413.94,5147.16,16101.56,10638.19,4144.66,5.0238805208462765,,7.467942332285852,,8.123626021293099,8.329576037667037
27,2020-02-21,892,75571,118,2239,19,38,0,0,2.9444389791664403,6.79346613258001,,4.770684624465665,5189.33,16398.99,10988.47,5181.22,16486.44,10913.08,3337.75,1642.4,1.46,848.96,1499.37,3373.23,1618.7,1.52,845.58,1519.42,131,0,396.0,0.0,3325.54,1563.5,1.74,853.02,1421.15,4958.59,15440.83,10422.04,4149.49,4.875197323201151,,5.981414211254481,,8.113052206270204,8.330740714106692
28,2020-02-24,221,77266,150,2595,18,57,0,0,2.8903717578961645,5.3981627015177525,,5.0106352940962555,5185.66,16237.82,11042.18,5189.33,16398.99,10988.47,3225.89,1660.8,1.38,829.59,1454.16,3337.75,1642.4,1.46,848.96,1499.37,2827,3,892.0,19.0,3248.92,1576.1,1.54,828.47,1428.87,4516.24,14228.68,9979.54,4132.84,7.946971357693591,1.0986122886681098,6.79346613258001,2.9444389791664403,8.078964160149683,8.326720100962953
29,2020-02-25,517,77783,71,2666,0,57,0,0,,6.248042874508427,,4.262679877041316,5185.97,16201.36,11155.33,5185.66,16237.82,11042.18,3128.21,1634.6,1.33,811.17,1422.72,3225.89,1660.8,1.38,829.59,1454.16,3233,0,221.0,18.0,3297.59,1551.5,1.61,841.57,1452.15,4663.49,14610.4,10362.07,4123.85,8.081165777725433,,5.3981627015177525,2.8903717578961645,8.048216234961584,8.32454247202143
30,2020-02-26,411,78194,52,2718,6,63,0,0,1.791759469228055,6.018593214496232,,3.951243718581428,5107.24,16082.27,10805.33,5185.97,16201.36,11155.33,3116.39,1636.4,1.33,814.52,1425.16,3128.21,1634.6,1.33,811.17,1422.72,3892,0,517.0,0.0,3334.69,1555.2,1.66,854.55,1463.44,4753.77,14845.29,10783.71,4073.02,8.266678443305896,,6.248042874508429,,8.044430559620853,8.312140018021822
31,2020-02-27,440,78634,29,2747,0,63,0,0,,6.0867747269123065,,3.3672958299864737,5104.47,16282.46,10901.29,5107.24,16082.27,10805.33,2978.76,1641.2,1.3,787.89,1367.28,3116.39,1636.4,1.33,814.52,1425.16,3697,1,411.0,6.0,3345.78,1565.6,1.65,857.9,1464.79,4867.71,15254.3,11170.91,4084.88,8.215276958936633,0.0,6.018593214496234,1.791759469228055,7.9992623855202,8.315047631097633
32,2020-02-28,329,78963,44,2791,3,66,0,0,1.0986122886681098,5.796057750765373,,3.7841896339182615,4903.11,15660.18,10590.72,5104.47,16282.46,10901.29,2954.22,1582.2,1.13,777.36,1348.72,2978.76,1641.2,1.3,787.89,1367.28,3151,0,440.0,0.0,3327.71,1570.0,1.59,855.35,1468.95,4866.09,15381.33,10983.55,3940.05,8.055475141757274,,6.0867747269123065,,7.990989935605924,8.278948692566788
33,2020-03-02,206,80178,42,2915,2,68,0,0,0.6931471805599453,5.327876168789581,,3.7376696182833684,5039.31,16095.61,10832.43,4903.11,15660.18,10590.72,3090.23,1586.1,1.1,812.03,1407.99,2954.22,1582.2,1.13,777.36,1348.72,2985,0,329.0,3.0,3352.09,1573.7,1.56,860.13,1486.98,4900.5,15573.79,10842.39,4069.67,8.001355025826703,,5.796057750765372,1.0986122886681098,8.036000800778702,8.31131719406831
34,2020-03-03,128,80306,31,2946,44,112,2,2,3.7841896339182615,4.852030263919617,0.6931471805599453,3.4339872044851463,5061.27,16279.98,11077.56,5039.31,16095.61,10832.43,3003.37,1634.5,1.02,792.73,1376.35,3090.23,1586.1,1.1,812.03,1407.99,2472,1,206.0,2.0,3357.75,1566.9,1.59,862.01,1495.1,4954.97,15714.01,10837.78,4091.36,7.812782818577581,0.0,5.327876168789581,0.6931471805599453,8.007490270516797,8.316632712102285
35,2020-03-04,120,80426,38,2984,21,133,3,5,3.0445224377234235,4.787491742782046,1.0986122886681098,3.6375861597263857,5058.43,16530.93,11056.85,5061.27,16279.98,11077.56,3130.12,1640.0,1.02,832.75,1428.22,3003.37,1634.5,1.02,792.73,1376.35,2022,0,128.0,44.0,3379.45,1568.7,1.62,858.73,1506.83,4993.41,15777.16,10955.09,4115.05,7.611842399580417,,4.852030263919617,3.784189633918261,8.048826621457438,8.322406263705638
36,2020-03-05,143,80569,31,3015,0,133,4,9,,4.962844630259907,1.3862943611198906,3.4339872044851463,5197.74,17247.09,11263.6,5058.43,16530.93,11056.85,3023.94,1668.2,0.92,818.25,1390.74,3130.12,1640.0,1.02,832.75,1428.22,15152,2,120.0,21.0,3373.94,1572.5,1.61,849.38,1507.01,4929.95,15682.95,10832.18,4206.73,9.625887815425859,0.6931471805599453,4.787491742782046,3.044522437723423,8.014315895832741,8.344440902781274
37,2020-03-06,146,80715,30,3045,84,217,2,11,4.430816798843313,4.983606621708336,0.6931471805599453,3.4011973816621555,5134.77,16976.31,11288.53,5197.74,17247.09,11263.6,2972.37,1673.5,0.74,814.52,1376.4,3023.94,1668.2,0.92,818.25,1390.74,4050,0,143.0,0.0,3380.16,1581.8,1.59,849.68,1504.45,4922.28,15822.6,10835.04,4138.51,8.306472160100585,,4.962844630259907,,7.9971148933781215,8.328091098656952
38,2020-03-09,45,80908,23,3123,259,476,8,19,5.556828061699537,3.80666248977032,2.0794415416798357,3.1354942159291497,4911.27,16496.87,11023.62,5134.77,16976.31,11288.53,2746.56,1672.9,0.54,773.98,1308.65,2972.37,1673.5,0.74,814.52,1376.4,1893,0,146.0,84.0,3370.29,1600.9,1.55,846.76,1514.49,5051.35,15980.07,11013.28,3997.13,7.545918151209323,,4.983606621708336,4.430816798843313,7.918104498529855,8.293331882575712
39,2020-03-10,20,80928,17,3140,224,700,6,25,5.4116460518550396,2.9957322735539917,1.791759469228055,2.8332133440562166,5047.52,16791.86,11049.85,4911.27,16496.87,11023.62,2882.23,1647.0,0.76,796.25,1368.9,2746.56,1672.9,0.54,773.98,1308.65,1751,0,45.0,259.0,3386.15,1609.9,1.56,848.19,1518.14,5033.01,16165.02,10788.48,4082.73,7.467942332285852,,3.8066624897703196,5.556828061699537,7.966319579065655,8.314521161285862
40,2020-03-11,31,80959,22,3162,0,700,0,25,,3.4339872044851463,,3.0910424533583165,4971.08,16732.38,10910.33,5047.52,16791.86,11049.85,2741.38,1636.5,0.82,762.05,1307.17,2882.23,1647.0,0.76,796.25,1368.9,396,0,20.0,224.0,3373.23,1618.7,1.52,845.58,1519.42,5181.22,16486.44,10913.08,4028.43,5.981414211254481,,2.995732273553991,5.4116460518550396,7.916216722228245,8.30113200087167
41,2020-03-12,26,80985,11,3173,291,991,4,29,5.673323267171493,3.258096538021482,1.3862943611198906,2.3978952727983707,4855.32,16264.51,10574.99,4971.08,16732.38,10910.33,2480.64,1575.0,0.88,708.24,1185.6,2741.38,1636.5,0.82,762.05,1307.17,892,19,31.0,0.0,3337.75,1642.4,1.46,848.96,1499.37,5189.33,16398.99,10988.47,3950.91,6.79346613258001,2.9444389791664403,3.4339872044851463,,7.816271870382237,8.281701211108665
42,2020-03-13,10,80995,7,3180,277,1268,7,36,5.6240175061873385,2.302585092994046,1.9459101490553128,1.9459101490553128,4791.91,16054.6,10365.88,4855.32,16264.51,10574.99,2711.02,1517.8,0.94,757.73,1267.57,2480.64,1575.0,0.88,708.24,1185.6,221,18,26.0,291.0,3225.89,1660.8,1.38,829.59,1454.16,5185.66,16237.82,11042.18,3895.31,5.3981627015177525,2.8903717578961645,3.258096538021482,5.673323267171493,7.905080226822983,8.26752854435474
43,2020-03-16,29,81081,14,3218,0,1718,0,41,,3.3672958299864737,,2.6390573296152584,4564.8,15345.73,10044.82,4791.91,16054.6,10365.88,2386.13,1502.6,0.73,696.53,1135.92,2711.02,1517.8,0.94,757.73,1267.57,517,0,10.0,277.0,3128.21,1634.6,1.33,811.17,1422.72,5185.97,16201.36,11155.33,3727.84,6.248042874508429,,2.302585092994046,5.6240175061873385,7.777428085666511,8.223584256429524
44,2020-03-17,39,81120,13,3231,1822,3540,17,58,7.507690077819903,3.6635616461296463,2.8332133440562166,2.5649493574615367,4510.03,15196.72,10057.93,4564.8,15345.73,10044.82,2529.19,1525.5,1.02,742.39,1211.02,2386.13,1502.6,0.73,696.53,1135.92,411,6,29.0,0.0,3116.39,1636.4,1.33,814.52,1425.16,5107.24,16082.27,10805.33,3709.68,6.018593214496234,1.791759469228055,3.367295829986474,,7.8356543723572525,8.218700898512173
45,2020-03-18,58,81178,11,3242,3551,7091,42,100,8.174984532943087,4.060443010546419,3.7376696182833684,2.3978952727983707,4441.31,15062.94,9957.44,4510.03,15196.72,10057.93,2398.1,1488.2,1.18,726.91,1181.78,2529.19,1525.5,1.02,742.39,1211.02,440,0,39.0,1822.0,2978.76,1641.2,1.3,787.89,1367.28,5104.47,16282.46,10901.29,3636.26,6.0867747269123065,,3.6635616461296463,7.507690077819904,7.782432036135828,8.19871095989157
46,2020-03-19,99,81277,8,3250,3351,10442,50,150,8.11701408773731,4.59511985013459,3.912023005428147,2.0794415416798357,4382.77,14897.39,9841.84,4441.31,15062.94,9957.44,2409.39,1477.5,1.12,709.79,1207.27,2398.1,1488.2,1.18,726.91,1181.78,329,3,58.0,3551.0,2954.22,1582.2,1.13,777.36,1348.72,4903.11,15660.18,10590.72,3589.09,5.796057750765372,1.0986122886681098,4.060443010546419,8.174984532943087,7.787128882413248,8.18565396745621
47,2020-03-20,139,81416,11,3261,4777,15219,51,201,8.471568013389962,4.9344739331306915,3.9318256327243257,2.3978952727983707,4447.32,15226.55,10125.85,4382.77,14897.39,9841.84,2304.92,1483.5,0.92,684.84,1167.76,2409.39,1477.5,1.12,709.79,1207.27,206,2,99.0,3351.0,3090.23,1586.1,1.1,812.03,1407.99,5039.31,16095.61,10832.43,3653.22,5.327876168789581,0.6931471805599453,4.59511985013459,8.11701408773731,7.74280124767009,8.203364249454898
48,2020-03-23,104,81603,9,3276,16354,31573,201,402,9.702227794721924,4.6443908991413725,5.303304908059076,2.19722457733622,4218.25,14818.46,9931.8,4447.32,15226.55,10125.85,2237.4,1556.5,0.76,657.45,1190.23,2304.92,1483.5,0.92,684.84,1167.76,128,44,139.0,4777.0,3003.37,1634.5,1.02,792.73,1376.35,5061.27,16279.98,11077.56,3530.31,4.852030263919617,3.784189633918261,4.9344739331306915,8.471568013389962,7.71306975641283,8.16914096476839
49,2020-03-24,164,81767,7,3283,20341,51914,271,673,9.920393832602487,5.0998664278242005,5.602118820879701,1.9459101490553128,4337.86,15319.18,10211.23,4218.25,14818.46,9931.8,2447.33,1657.5,0.84,694.76,1243.45,2237.4,1556.5,0.76,657.45,1190.23,120,21,104.0,16354.0,3130.12,1640.0,1.02,832.75,1428.22,5058.43,16530.93,11056.85,3625.11,4.787491742782046,3.044522437723423,4.6443908991413725,9.702227794721923,7.802752913361046,8.195639911655967
50,2020-03-25,102,81869,4,3287,0,51914,0,673,,4.624972813284272,,1.3862943611198906,4502.55,15661.19,10558.54,4337.86,15319.18,10211.23,2475.56,1635.5,0.88,691.25,1226.06,2447.33,1657.5,0.84,694.76,1243.45,143,0,164.0,20341.0,3023.94,1668.2,0.92,818.25,1390.74,5197.74,17247.09,11263.6,3722.52,4.962844630259907,,5.099866427824199,9.920393832602487,7.814221912035526,8.222156137277109
51,2020-03-26,92,81961,6,3293,16420,68334,318,991,9.70625538300642,4.5217885770490405,5.762051382780178,1.791759469228055,4437.92,15672.3,10758.32,4502.55,15661.19,10558.54,2630.07,1660.5,0.83,735.61,1281.66,2475.56,1635.5,0.88,691.25,1226.06,146,84,102.0,0.0,2972.37,1673.5,0.74,814.52,1376.4,5134.77,16976.31,11288.53,3698.05,4.983606621708336,4.430816798843313,4.624972813284271,,7.874765740787193,8.21556093267773
52,2020-03-27,132,82093,5,3298,0,68334,0,991,,4.882801922586372,,1.6094379124341005,4436.33,15761.26,10687.9,4437.92,15672.3,10758.32,2541.47,,0.72,721.3,1251.53,2630.07,1660.5,0.83,735.61,1281.66,45,259,92.0,16420.0,2746.56,1672.9,0.54,773.98,1308.65,4911.27,16496.87,11023.62,3710.06,3.8066624897703196,5.556828061699537,4.5217885770490405,9.70625538300642,7.840497932764564,8.218803327977446
53,2020-03-30,114,82455,4,3310,19332,122653,444,2112,9.869517032964977,4.736198448394496,6.095824562432225,1.3862943611198906,4336.21,15750.97,10537.78,4436.33,15761.26,10687.9,2626.65,1617.9,0.7,758.71,1286.82,2541.47,,0.72,721.3,1251.53,20,224,132.0,0.0,2882.23,1647.0,0.76,796.25,1368.9,5047.52,16791.86,11049.85,3674.11,2.995732273553991,5.4116460518550396,4.882801922586371,,7.8734645489860196,8.209066205446636
54,2020-03-31,90,82545,4,3314,17987,140640,286,2398,9.79740455372797,4.499809670330263,5.655991810819852,1.3862943611198906,4346.23,16411.32,10664.06,4336.21,15750.97,10537.78,2584.59,1577.1,0.7,757.3,1270.08,2626.65,1617.9,0.7,758.71,1286.82,31,0,114.0,19332.0,2741.38,1636.5,0.82,762.05,1307.17,4971.08,16732.38,10910.33,3686.16,3.4339872044851463,,4.736198448394496,9.869517032964975,7.857322167012957,8.212340544775483
55,2020-04-01,93,82638,7,3321,22559,163199,452,2850,10.023889378388423,4.532599493153255,6.113682179832232,1.9459101490553128,4327.03,16196.94,10505.06,4346.23,16411.32,10664.06,2470.5,1590.0,0.62,734.7,1235.32,2584.59,1577.1,0.7,757.3,1270.08,26,291,90.0,17987.0,2480.64,1575.0,0.88,708.24,1185.6,4855.32,16264.51,10574.99,3675.08,3.258096538021482,5.673323267171493,4.499809670330265,9.79740455372797,7.812175838285805,8.209330180117485
56,2020-04-02,86,82724,6,3327,24103,187302,996,3846,10.090091593059393,4.454347296253506,6.903747257584598,1.791759469228055,4380.35,16332.28,10671.08,4327.03,16196.94,10505.06,2526.9,1627.0,0.63,760.87,1246.16,2470.5,1590.0,0.62,734.7,1235.32,10,277,93.0,22559.0,2711.02,1517.8,0.94,757.73,1267.57,4791.91,16054.6,10365.88,3734.53,2.302585092994046,5.6240175061873385,4.532599493153256,10.023889378388423,7.834748533989428,8.225377252968764
57,2020-04-03,78,82802,4,3331,26298,213600,947,4793,10.177248169646862,4.356708826689592,6.8532990931860756,1.3862943611198906,4337.1,16450.44,10778.44,4380.35,16332.28,10671.08,2488.65,1634.2,0.62,757.75,1231.74,2526.9,1627.0,0.63,760.87,1246.16,29,0,86.0,24103.0,2386.13,1502.6,0.73,696.53,1135.92,4564.8,15345.73,10044.82,3713.22,3.367295829986474,,4.454347296253507,10.09009159305939,7.819495673757474,8.219654703701082
58,2020-04-07,66,83071,0,3340,26493,333811,1201,9559,10.184635826136912,4.189654742026425,7.0909098220799835,,4430.61,17033.84,11082.79,4337.1,16450.44,10778.44,2659.41,1658.0,0.75,778.18,1313.57,2488.65,1634.2,0.62,757.75,1231.74,39,1822,78.0,26298.0,2529.19,1525.5,1.02,742.39,1211.02,4510.03,15196.72,10057.93,3798.02,3.6635616461296463,7.507690077819904,4.356708826689592,10.177248169646864,7.885859572662208,8.242235157287803
59,2020-04-08,90,83161,2,3342,29510,363321,1286,10845,10.292484467936985,4.499809670330263,7.1592919047975645,0.6931471805599453,4395.17,16832.22,11062.74,4430.61,17033.84,11082.79,2749.98,1662.5,0.77,802.98,1336.5,2659.41,1658.0,0.75,778.18,1313.57,58,3551,66.0,26493.0,2398.1,1488.2,1.18,726.91,1181.78,4441.31,15062.94,9957.44,3780.34,4.060443010546419,8.174984532943087,4.189654742026425,10.184635826136912,7.919348917906897,8.237569231658583
60,2020-04-09,88,83249,2,3344,31709,395030,1895,12740,10.364355831242003,4.477336814478207,7.546974117516527,0.6931471805599453,4426.73,16901.76,11376.44,4395.17,16832.22,11062.74,2789.82,1715.5,0.73,805.66,1345.02,2749.98,1662.5,0.77,802.98,1336.5,99,3351,90.0,29510.0,2409.39,1477.5,1.12,709.79,1207.27,4382.77,14897.39,9841.84,3792.81,4.59511985013459,8.11701408773731,4.499809670330265,10.292484467936985,7.933732356605124,8.240862448158994
61,2020-04-13,112,83597,2,3351,31633,524514,1928,20444,10.361956158466594,4.718498871295094,7.564238475170491,0.6931471805599453,4423.71,16748.85,11305.67,4426.73,16901.76,11376.44,2761.63,1751.8,0.76,801.36,1381.74,2789.82,1715.5,0.73,805.66,1345.02,139,4777,88.0,31709.0,2304.92,1483.5,0.92,684.84,1167.76,4447.32,15226.55,10125.85,3753.26,4.9344739331306915,8.471568013389962,4.477336814478207,10.364355831242005,7.923576364097775,8.230380074646423
62,2020-04-14,99,83696,0,3351,29308,553822,1528,21972,10.285615795279853,4.59511985013459,7.331714969726466,,4496.2,17083.57,11531.34,4423.71,16748.85,11305.67,2846.06,1741.5,0.76,828.4,1442.56,2761.63,1751.8,0.76,801.36,1381.74,104,16354,112.0,31633.0,2237.4,1556.5,0.76,657.45,1190.23,4218.25,14818.46,9931.8,3825.7,4.6443908991413725,9.702227794721923,4.718498871295094,10.361956158466594,7.953690860648232,8.249496736052931
63,2020-04-15,51,83747,1,3352,24446,578268,1504,23476,10.104221882337207,3.9318256327243257,7.315883504509785,0.0,4444.94,16913.56,11518.25,4496.2,17083.57,11531.34,2783.36,1734.0,0.63,819.95,1431.54,2846.06,1741.5,0.76,828.4,1442.56,164,20341,99.0,29308.0,2447.33,1657.5,0.84,694.76,1243.45,4337.86,15319.18,10211.23,3797.36,5.099866427824199,9.920393832602487,4.59511985013459,10.285615795279854,7.931414109969219,8.2420613674309
64,2020-04-16,50,83797,0,3352,25802,604070,2395,25871,10.158207287285082,3.912023005428147,7.7811385098450145,,4458.08,16821.8,11629.1,4444.94,16913.56,11518.25,2799.55,1725.2,0.61,834.22,1467.57,2783.36,1734.0,0.63,819.95,1431.54,102,0,51.0,24446.0,2475.56,1635.5,0.88,691.25,1226.06,4502.55,15661.19,10558.54,3802.38,4.624972813284271,,3.9318256327243257,10.104221882337209,7.9372139689616565,8.243382465450074
65,2020-04-17,352,84149,1290,4642,28711,632781,6409,32280,10.265035603577836,5.863631175598098,8.765458531504226,7.162397497355718,4491.94,16989.81,11519.01,4458.08,16821.8,11629.1,2874.56,1686.5,0.65,856.1,1476.99,2799.55,1725.2,0.61,834.22,1467.57,92,16420,50.0,25802.0,2630.07,1660.5,0.83,735.61,1281.66,4437.92,15672.3,10758.32,3839.49,4.5217885770490405,9.70625538300642,3.912023005428146,10.158207287285082,7.963654898040842,8.253094824261412
66,2020-04-20,16,84239,0,4642,28252,723605,1776,38512,10.248919530528813,2.772588722239781,7.4821189235521155,,4518.5,17091.97,11660.85,4491.94,16989.81,11519.01,2823.16,1701.1,0.63,855.89,1470.42,2874.56,1686.5,0.65,856.1,1476.99,132,0,352.0,28711.0,2541.47,,0.72,721.3,1251.53,4436.33,15761.26,10687.9,3853.46,4.882801922586371,,5.863631175598097,10.265035603577836,7.945612103941051,8.256726724990306
67,2020-04-21,14,84253,0,4642,27668,751273,1801,40313,10.228031789720477,2.6390573296152584,7.496097345175956,,4462.2,16864.29,11533.76,4518.5,17091.97,11660.85,2736.56,1673.6,0.58,831.76,1436.73,2823.16,1701.1,0.63,855.89,1470.42,114,19332,16.0,28252.0,2626.65,1617.9,0.7,758.71,1286.82,4336.21,15750.97,10537.78,3808.05,4.736198448394496,9.869517032964975,2.772588722239781,10.248919530528813,7.914456936161256,8.244872526077156
68,2020-04-22,35,84288,0,4642,25634,776907,2154,42467,10.15167487428977,3.5553480614894135,7.675081857716334,,4510.4,17390.64,11712.74,4462.2,16864.29,11533.76,2799.31,1725.4,0.63,842.89,1453.57,2736.56,1673.6,0.58,831.76,1436.73,90,17987,14.0,27668.0,2584.59,1577.1,0.7,757.3,1270.08,4346.23,16411.32,10664.06,3839.38,4.499809670330265,9.79740455372797,2.6390573296152584,10.228031789720475,7.937128237223357,8.25306617421264
69,2020-04-23,15,84303,0,4642,24019,800926,2575,45042,10.086600462793985,2.7080502011022096,7.853604813097838,,4511.86,17446.44,11742.05,4510.4,17390.64,11712.74,2797.8,1741.4,0.61,848.16,1458.62,2799.31,1725.4,0.63,842.89,1453.57,93,22559,35.0,25634.0,2470.5,1590.0,0.62,734.7,1235.32,4327.03,16196.94,10505.06,3829.75,4.532599493153256,10.023889378388423,3.5553480614894135,10.15167487428977,7.93658867304233,8.250554805892806
70,2020-04-24,9,84312,0,4642,29127,830053,2390,47432,10.279420858038254,2.19722457733622,7.779048644925556,,4481.22,17476.37,11492.52,4511.86,17446.44,11742.05,2836.74,1714.9,0.6,858.69,1480.41,2797.8,1741.4,0.61,848.16,1458.62,86,24103,15.0,24019.0,2526.9,1627.0,0.63,760.87,1246.16,4380.35,16332.28,10671.08,3796.97,4.454347296253507,10.09009159305939,2.70805020110221,10.086600462793985,7.95041078450405,8.241958659226135
71,2020-04-27,3,84341,1,4643,32417,931698,1964,53289,10.386438255536063,1.0986122886681098,7.582738488914411,0.0,4469.43,17610.98,11634.02,4481.22,17476.37,11492.52,2878.48,1716.7,0.67,867.43,1486.34,2836.74,1714.9,0.6,858.69,1480.41,78,26298,9.0,29127.0,2488.65,1634.2,0.62,757.75,1231.74,4337.1,16450.44,10778.44,3822.77,4.356708826689592,10.177248169646864,2.1972245773362196,10.279420858038254,7.965017656028499,8.248730569710295
72,2020-04-28,6,84347,0,4643,29218,960916,1109,54398,10.28254023669246,1.791759469228055,7.011213987350367,,4484.67,17909.54,11630.92,4469.43,17610.98,11634.02,2863.39,1709.9,0.62,850.29,1469.57,2878.48,1716.7,0.67,867.43,1486.34,66,26493,3.0,32417.0,2659.41,1658.0,0.75,778.18,1313.57,4430.61,17033.84,11082.79,3849.15,4.189654742026425,10.184635826136912,1.0986122886681098,10.386438255536065,7.9597615165683795,8.25560762368573
73,2020-04-29,22,84369,0,4643,22541,983457,1322,55720,10.02309115218196,3.0910424533583165,7.186901020411631,,4526.69,17530.52,11488.58,4484.67,17909.54,11630.92,2939.51,1705.1,0.63,852.89,1495.66,2863.39,1709.9,0.62,850.29,1469.57,90,29510,6.0,29218.0,2749.98,1662.5,0.77,802.98,1336.5,4395.17,16832.22,11062.74,3867.03,4.499809670330265,10.292484467936985,1.791759469228055,10.282540236692459,7.9859981797756285,8.260242049529104
74,2020-04-30,4,84373,0,4643,20517,1003974,2010,57730,9.929009089766208,1.3862943611198906,7.605890001053122,,4627.93,17446.72,11447.09,4526.69,17530.52,11488.58,2912.43,1688.1,0.64,849.65,1507.2,2939.51,1705.1,0.63,852.89,1495.66,88,31709,22.0,22541.0,2789.82,1715.5,0.73,805.66,1345.02,4426.73,16901.76,11376.44,3912.58,4.477336814478207,10.364355831242005,3.091042453358316,10.02309115218196,7.976743063250363,8.271952281923712
75,2020-05-06,2,84406,0,4643,16200,1171185,802,68081,9.692766521220477,0.6931471805599453,6.687108607866515,,4674.95,17616.86,11681.18,4627.93,17446.72,11447.09,2848.42,1694.8,0.72,850.92,1486.83,2912.43,1688.1,0.64,849.65,1507.2,112,31633,4.0,20517.0,2761.63,1751.8,0.76,801.36,1381.74,4423.71,16748.85,11305.67,3936.25,4.718498871295094,10.361956158466594,1.3862943611198906,9.929009089766206,7.954519733569065,8.277983772415235
76,2020-05-07,3,84409,0,4643,22267,1193452,2475,70556,10.010861040804457,1.0986122886681098,7.813995675002791,,4659.17,17818.67,11721.44,4674.95,17616.86,11681.18,2881.19,1721.5,0.63,843.39,1495.15,2848.42,1694.8,0.72,850.92,1486.83,99,29308,2.0,16200.0,2846.06,1741.5,0.76,828.4,1442.56,4496.2,17083.57,11531.34,3924.89,4.59511985013459,10.285615795279854,0.6931471805599453,9.692766521220475,7.965958682233119,8.27509360434608
77,2020-05-08,6,84415,0,4643,22119,1215571,1968,72524,10.00419224665776,1.791759469228055,7.584773077612199,,4773.6,17910.68,11814.81,4659.17,17818.67,11721.44,2929.8,1703.8,0.69,848.01,1513.21,2881.19,1721.5,0.63,843.39,1495.15,51,24446,3.0,22267.0,2783.36,1734.0,0.63,819.95,1431.54,4444.94,16913.56,11518.25,3963.62,3.9318256327243257,10.104221882337209,1.0986122886681098,10.010861040804457,7.98268944029567,8.284913028089866
78,2020-05-11,20,84450,0,4643,26642,1298287,1736,78652,10.190244196911408,2.9957322735539917,7.459338895220298,,4801.27,17687.35,11686.85,4773.6,17910.68,11814.81,2930.32,1690.2,0.73,869.46,1526.41,2929.8,1703.8,0.69,848.01,1513.21,50,25802,6.0,22119.0,2799.55,1725.2,0.61,834.22,1467.57,4458.08,16821.8,11629.1,3960.18,3.912023005428146,10.158207287285082,1.791759469228055,10.00419224665776,7.982866911064652,8.284044757760954
79,2020-05-12,1,84451,1,4644,23767,1322054,982,79634,10.076053342881368,0.0,6.889591308354466,0.0,4827.08,17858.43,11828.61,4801.27,17687.35,11686.85,2870.12,1701.3,0.69,859.1,1495.6,2930.32,1690.2,0.73,869.46,1526.41,352,28711,20.0,26642.0,2874.56,1686.5,0.65,856.1,1476.99,4491.94,16989.81,11519.01,3960.24,5.863631175598097,10.265035603577836,2.995732273553991,10.190244196911408,7.962109119726266,8.28405990847266
80,2020-05-13,7,84458,0,4644,18044,1340098,1061,80695,9.800568498528287,1.9459101490553128,6.966967138613982,,4819.05,18087.84,11997.98,4827.08,17858.43,11828.61,2820.0,1720.2,0.64,856.29,1487.57,2870.12,1701.3,0.69,859.1,1495.6,16,28252,1.0,23767.0,2823.16,1701.1,0.63,855.89,1470.42,4518.5,17091.97,11660.85,3968.25,2.772588722239781,10.248919530528813,0.0,10.076053342881366,7.944492163932159,8.286080470452351
81,2020-05-14,6,84464,0,4644,21424,1361522,1424,82119,9.972267067930954,1.791759469228055,7.2612250919719195,,4786.05,17831.28,11885.43,4819.05,18087.84,11997.98,2852.5,1736.5,0.63,862.56,1499.34,2820.0,1720.2,0.64,856.29,1487.57,14,27668,7.0,18044.0,2736.56,1673.6,0.58,831.76,1436.73,4462.2,16864.29,11533.76,3925.22,2.6390573296152584,10.228031789720475,1.9459101490553132,9.800568498528287,7.955951081736231,8.275177679601127
82,2020-05-15,5,84469,0,4644,20840,1382362,1700,83819,9.944629495867305,1.6094379124341005,7.438383530044308,,4762.66,17708.89,11800.71,4786.05,17831.28,11885.43,2863.7,1750.9,0.64,871.93,1519.77,2852.5,1736.5,0.63,862.56,1499.34,35,25634,6.0,21424.0,2799.31,1725.4,0.63,842.89,1453.57,4510.4,17390.64,11712.74,3912.82,3.5553480614894135,10.15167487428977,1.791759469228055,9.972267067930954,7.9598697739906665,8.27201362064124
83,2020-05-18,10,84494,0,4645,31967,1464232,1394,88574,10.37245939967773,2.302585092994046,7.239932591320469,,4740.65,18173.14,11953.36,4762.66,17708.89,11800.71,2953.91,1734.1,0.73,874.1,1546.12,2863.7,1750.9,0.64,871.93,1519.77,15,24019,5.0,20840.0,2797.8,1741.4,0.61,848.16,1458.62,4511.86,17446.44,11742.05,3922.91,2.70805020110221,10.086600462793985,1.6094379124341003,9.944629495867304,7.990884995464023,8.274589004320083
84,2020-05-19,6,84500,0,4645,13227,1477459,697,89271,9.490015474026047,1.791759469228055,6.5467854107605215,,4807.91,18184.75,12049.65,4740.65,18173.14,11953.36,2922.94,1749.5,0.7,862.4,1541.58,2953.91,1734.1,0.73,874.1,1546.12,9,29127,10.0,31967.0,2836.74,1714.9,0.6,858.69,1480.41,4481.22,17476.37,11492.52,3956.25,2.1972245773362196,10.279420858038254,2.302585092994046,10.37245939967773,7.980345238044597,8.283051885892487
85,2020-05-20,5,84505,0,4645,24417,1501876,932,90203,10.10303488999515,1.6094379124341005,6.83733281468559,,4788.63,18007.11,11878.05,4807.91,18184.75,12049.65,2971.61,1752.1,0.68,863.57,1555.04,2922.94,1749.5,0.7,862.4,1541.58,3,32417,6.0,13227.0,2878.48,1716.7,0.67,867.43,1486.34,4469.43,17610.98,11634.02,3935.22,1.0986122886681098,10.386438255536065,1.791759469228055,9.490015474026047,7.996859172462459,8.277722067802022
86,2020-05-21,2,84507,0,4645,23310,1525186,1324,91527,10.056637732029802,0.6931471805599453,7.188412736496954,,4756.66,17966.26,11939.63,4788.63,18007.11,11878.05,2948.51,1723.4,0.68,856.62,1546.89,2971.61,1752.1,0.68,863.57,1555.04,6,29218,5.0,24417.0,2863.39,1709.9,0.62,850.29,1469.57,4484.67,17909.54,11630.92,3913.79,1.791759469228055,10.282540236692459,1.6094379124341003,10.10303488999515,7.989055236989835,8.272261492965264
87,2020-05-22,13,84520,0,4645,22787,1547973,1396,92923,10.033945476892104,2.5649493574615367,7.241366283322318,,4667.13,17499.39,11623.43,4756.66,17966.26,11939.63,2955.45,1726.6,0.66,855.88,1542.49,2948.51,1723.4,0.68,856.62,1546.89,22,22541,2.0,23310.0,2939.51,1705.1,0.63,852.89,1495.66,4526.69,17530.52,11488.58,3824.06,3.091042453358316,10.02309115218196,0.6931471805599453,10.056637732029802,7.9914062025100865,8.249067964424768
88,2020-05-26,7,84543,0,4645,15253,1634010,620,97529,9.632531483999934,1.9459101490553128,6.429719478039137,,4776.3,17946.46,12018.69,4667.13,17499.39,11623.43,2991.77,1707.4,0.69,848.49,1543.03,2955.45,1726.6,0.66,855.88,1542.49,4,20517,13.0,22787.0,2912.43,1688.1,0.64,849.65,1507.2,4627.93,17446.72,11447.09,3872.77,1.3862943611198906,9.929009089766206,2.5649493574615367,10.033945476892105,8.003620464481836,8.26172529226208
89,2020-05-27,1,84544,0,4645,24886,1658896,590,98119,10.122060675335577,0.0,6.380122536899765,,4779.32,17769.04,11789.09,4776.3,17946.46,12018.69,3036.13,1692.8,0.68,853.19,1557.09,2991.77,1707.4,0.69,848.49,1543.03,2,16200,7.0,15253.0,2848.42,1694.8,0.72,850.92,1486.83,4674.95,17616.86,11681.18,3845.61,0.6931471805599453,9.692766521220475,1.9459101490553132,9.632531483999934,8.018338957098134,8.254687516950824
90,2020-05-28,3,84547,0,4645,16362,1675258,770,98889,9.702716852073644,1.0986122886681098,6.646390514847728,,4774.91,17699.52,11647.51,4779.32,17769.04,11789.09,3029.73,1717.0,0.7,863.21,1550.47,3036.13,1692.8,0.68,853.19,1557.09,3,22267,1.0,24886.0,2881.19,1721.5,0.63,843.39,1495.15,4659.17,17818.67,11721.44,3856.63,1.0986122886681098,10.010861040804457,0.0,10.122060675335577,8.016228785622088,8.257549024127831
91,2020-05-29,0,84547,0,4645,19606,1694864,1415,100304,9.883590920821671,,7.254884810077338,,4860.35,17971.9,11862.12,4774.91,17699.52,11647.51,3044.31,1731.6,0.65,877.58,1569.14,3029.73,1717.0,0.7,863.21,1550.47,6,22119,3.0,16362.0,2929.8,1703.8,0.69,848.01,1513.21,4773.6,17910.68,11814.81,3867.02,1.791759469228055,10.00419224665776,1.0986122886681098,9.702716852073644,8.021029553480894,8.260239463561856
92,2020-06-01,18,84588,0,4645,23482,1757522,914,103554,10.063989449190156,2.8903717578961645,6.817830571454151,,4983.27,18437.83,12089.12,4860.35,17971.9,11862.12,3055.73,1737.4,0.66,864.51,1577.45,3044.31,1731.6,0.65,877.58,1569.14,20,26642,0.0,19606.0,2930.32,1690.2,0.73,869.46,1526.41,4801.27,17687.35,11686.85,3971.34,2.995732273553991,10.190244196911408,,9.883590920821671,8.02477379559791,8.286858848216445
93,2020-06-02,9,84597,0,4645,26116,1783638,693,104247,10.170303432306524,2.19722457733622,6.541029999189902,,4958.25,18327.17,11935.51,4983.27,18437.83,12089.12,3080.82,1724.4,0.68,870.3,1587.42,3055.73,1737.4,0.66,864.51,1577.45,1,23767,18.0,23482.0,2870.12,1701.3,0.69,859.1,1495.6,4827.08,17858.43,11828.61,3983.57,0.0,10.076053342881366,2.8903717578961645,10.063989449190156,8.032951074299934,8.289933681152533
94,2020-06-03,5,84602,0,4645,14692,1798330,761,105008,9.595058406939557,1.6094379124341005,6.634633357861687,,4982.37,18228.36,12031.38,4958.25,18327.17,11935.51,3122.87,1694.0,0.77,868.92,1592.7,3080.82,1724.4,0.68,870.3,1587.42,7,18044,9.0,26116.0,2820.0,1720.2,0.64,856.29,1487.57,4819.05,18087.84,11997.98,3983.65,1.9459101490553132,9.800568498528287,2.1972245773362196,10.170303432306524,8.046507729775616,8.289953763439705
95,2020-06-04,1,84603,0,4645,24890,1823220,1043,106051,10.122221395361636,0.0,6.949856455000773,,5017.29,18372.43,12104.69,4982.37,18228.36,12031.38,3112.35,1712.3,0.82,865.29,1579.19,3122.87,1694.0,0.77,868.92,1592.7,6,21424,5.0,14692.0,2852.5,1736.5,0.63,862.56,1499.34,4786.05,17831.28,11885.43,3982.19,1.791759469228055,9.972267067930954,1.6094379124341003,9.595058406939557,8.04313334684057,8.289587198202053
96,2020-06-05,11,84614,0,4645,14583,1837803,825,106876,9.587611745713565,2.3978952727983707,6.715383386334683,,5057.1,18350.19,12165.23,5017.29,18372.43,12104.69,3193.93,1679.5,0.91,867.02,1600.69,3112.35,1712.3,0.82,865.29,1579.19,5,20840,1.0,24890.0,2863.7,1750.9,0.64,871.93,1519.77,4762.66,17708.89,11800.71,4001.25,1.6094379124341003,9.944629495867304,0.0,10.122221395361638,8.069007412442122,8.294362091284073
97,2020-06-08,5,84634,0,4645,28918,1915712,708,109746,10.272219517588072,1.6094379124341005,6.5624440936937205,,5098.22,18455.27,12058.98,5057.1,18350.19,12165.23,3232.39,1698.9,0.88,871.85,1615.45,3193.93,1679.5,0.91,867.02,1600.69,10,31967,11.0,14583.0,2953.91,1734.1,0.73,874.1,1546.12,4740.65,18173.14,11953.36,4021.95,2.302585092994046,10.37245939967773,2.3978952727983707,9.587611745713565,8.080977080677982,8.299522138629268
98,2020-06-09,4,84638,0,4645,17848,1933560,474,110220,9.789646736112367,1.3862943611198906,6.161207321695078,,5133.91,18611.96,12290.51,5098.22,18455.27,12058.98,3207.18,1712.0,0.84,867.64,1630.45,3232.39,1698.9,0.88,871.85,1615.45,6,13227,5.0,28918.0,2922.94,1749.5,0.7,862.4,1541.58,4807.91,18184.75,12049.65,4047.03,1.791759469228055,9.490015474026047,1.6094379124341003,10.272219517588072,8.073147325339784,8.305738557746833
99,2020-06-10,3,84641,0,4645,17536,1951096,550,110770,9.772011189747742,1.0986122886681098,6.309918278226516,,5103.71,18577.92,12491.55,5133.91,18611.96,12290.51,3190.14,1736.2,0.75,870.58,1634.84,3207.18,1712.0,0.84,867.64,1630.45,5,24417,4.0,17848.0,2971.61,1752.1,0.68,863.57,1555.04,4788.63,18007.11,11878.05,4039.71,1.6094379124341003,10.10303488999515,1.3862943611198906,9.789646736112369,8.067820081963212,8.303928186200514
100,2020-06-11,11,84652,0,4645,17235,1968331,1208,111978,9.754697478950966,2.3978952727983707,7.0967213784947605,,5058.07,18197.86,12375.98,5103.71,18577.92,12491.55,3002.1,1731.3,0.66,826.46,1576.91,3190.14,1736.2,0.75,870.58,1634.84,2,23310,3.0,17536.0,2948.51,1723.4,0.68,856.62,1546.89,4756.66,17966.26,11939.63,3995.88,0.6931471805599453,10.056637732029802,1.0986122886681098,9.772011189747742,8.00706732276452,8.293019109287505
101,2020-06-12,7,84659,0,4645,20315,1988646,832,112810,9.919114808421828,1.9459101490553128,6.723832440821209,,5105.27,18323.12,12526.26,5058.07,18197.86,12375.98,3041.31,1730.0,0.71,829.31,1572.93,3002.1,1731.3,0.66,826.46,1576.91,13,22787,11.0,17235.0,2955.45,1726.6,0.66,855.88,1542.49,4667.13,17499.39,11623.43,4003.08,2.5649493574615367,10.033945476892105,2.3978952727983707,9.754697478950966,8.020043622633086,8.294819343804118
102,2020-06-15,49,84778,0,4645,25314,2057838,646,115112,10.139112881352396,3.8918202981106265,6.470799503782603,,5038.65,18184.08,12657.46,5105.27,18323.12,12526.26,3066.59,1719.9,0.71,827.16,1586.36,3041.31,1730.0,0.71,829.31,1572.93,7,15253,7.0,20315.0,2991.77,1707.4,0.69,848.49,1543.03,4776.3,17946.46,12018.69,3954.99,1.9459101490553132,9.632531483999934,1.9459101490553132,9.919114808421828,8.028321474056517,8.282733351753551
103,2020-06-16,45,84823,0,4645,21754,2079592,372,115484,9.987552927653796,3.80666248977032,5.918893854273146,,5132.47,18376.83,12909.62,5038.65,18184.08,12657.46,3124.74,1727.2,0.75,850.97,1621.68,3066.59,1719.9,0.71,827.16,1586.36,1,24886,49.0,25314.0,3036.13,1692.8,0.68,853.19,1557.09,4779.32,17769.04,11789.09,4014.57,0.0,10.122060675335577,3.8918202981106265,10.139112881352395,8.04710635870919,8.29768552226435
104,2020-06-17,44,84867,0,4645,18514,2098106,496,115980,9.826282481627157,3.7841896339182615,6.206575926724928,,5120.68,18416.56,13224.69,5132.47,18376.83,12909.62,3113.49,1728.6,0.74,850.01,1630.24,3124.74,1727.2,0.75,850.97,1621.68,3,16362,45.0,21754.0,3029.73,1717.0,0.7,863.21,1550.47,4774.91,17699.52,11647.51,4017.59,1.0986122886681098,9.702716852073644,3.8066624897703196,9.987552927653796,8.043499562487852,8.298437499352035
105,2020-06-18,36,84903,0,4645,27921,2126027,722,116702,10.23713437285382,3.58351893845611,6.582025138892826,,5159.37,18554.25,13012.97,5120.68,18416.56,13224.69,3115.34,1724.0,0.71,849.18,1629.06,3113.49,1728.6,0.74,850.01,1630.24,0,19606,44.0,18514.0,3044.31,1731.6,0.65,877.58,1569.14,4860.35,17971.9,11862.12,4044.38,,9.883590920821671,3.784189633918261,9.826282481627157,8.044093574542893,8.30508354209573
106,2020-06-19,37,84940,0,4645,23139,2149166,770,117472,10.049274784602108,3.6109179126442235,6.646390514847728,,5213.93,19001.78,13336.7,5159.37,18554.25,13012.97,3097.74,1746.2,0.7,864.88,1633.67,3115.34,1724.0,0.71,849.18,1629.06,18,23482,36.0,27921.0,3055.73,1737.4,0.66,864.51,1577.45,4983.27,18437.83,12089.12,4098.71,2.8903717578961645,10.063989449190156,3.58351893845611,10.23713437285382,8.038428092341928,8.31842756903835
107,2020-06-22,21,85018,0,4646,32349,2241178,558,119453,10.384338387550182,3.0445224377234235,6.324358962381313,,5155.43,18943.99,13374.29,5213.93,19001.78,13336.7,3117.86,1756.3,0.71,860.96,1654.35,3097.74,1746.2,0.7,864.88,1633.67,9,26116,37.0,23139.0,3080.82,1724.4,0.68,870.3,1587.42,4958.25,18327.17,11935.51,4102.05,2.1972245773362196,10.170303432306524,3.6109179126442243,10.049274784602108,8.044902148032367,8.31924212773405
108,2020-06-23,52,85070,0,4646,27575,2268753,308,119761,10.224664844121703,3.951243718581428,5.730099782973574,,5157.25,19217.76,13643.58,5155.43,18943.99,13374.29,3131.29,1776.3,0.72,861.68,1667.61,3117.86,1756.3,0.71,860.96,1654.35,5,14692,21.0,32349.0,3122.87,1694.0,0.77,868.92,1592.7,4982.37,18228.36,12031.38,4121.79,1.6094379124341003,9.595058406939557,3.044522437723423,10.384338387550182,8.049200339202681,8.324042814009957
109,2020-06-24,28,85098,1,4647,26519,2295272,410,120171,10.185616736198213,3.332204510175204,6.016157159698354,0.0,5165.89,19221.38,13537.59,5157.25,19217.76,13643.58,3050.33,1766.3,0.69,846.12,1641.33,3131.29,1776.3,0.72,861.68,1667.61,1,24890,52.0,27575.0,3112.35,1712.3,0.82,865.29,1579.19,5017.29,18372.43,12104.69,4138.99,0.0,10.122221395361638,3.9512437185814275,10.224664844121703,8.023005060469925,8.328207075703292
110,2020-06-29,14,85204,0,4648,44580,2496628,507,125318,10.705040606939859,2.6390573296152584,6.2285110035911835,,5160.21,19324.48,13655.26,5165.89,19221.38,13537.59,3053.24,1776.3,0.64,846.85,1627.39,3050.33,1766.3,0.69,846.12,1641.33,11,14583,28.0,26519.0,3193.93,1679.5,0.91,867.02,1600.69,5057.1,18350.19,12165.23,4109.72,2.3978952727983707,9.587611745713565,3.332204510175204,10.18561673619821,8.023958600847276,8.321110178648881
111,2020-06-30,23,85227,0,4648,41008,2537636,885,126203,10.621522448603852,3.1354942159291497,6.7855876450079275,,5234.72,19599.05,13889.51,5160.21,19324.48,13655.26,3100.29,1791.1,0.66,860.44,1655.42,3053.24,1776.3,0.64,846.85,1627.39,5,28918,14.0,44580.0,3232.39,1698.9,0.88,871.85,1615.45,5098.22,18455.27,12058.98,4163.96,1.6094379124341003,10.272219517588072,2.6390573296152584,10.70504060693986,8.039250934484956,8.334221823540785
112,2020-07-01,5,85232,0,4648,35757,2573393,370,126573,10.48450133315082,1.6094379124341005,5.913503005638268,,5345.5,20208.7,13678.73,5234.72,19599.05,13889.51,3115.86,1773.8,0.69,867.43,1694.15,3100.29,1791.1,0.66,860.44,1655.42,4,17848,23.0,41008.0,3207.18,1712.0,0.84,867.64,1630.45,5133.91,18611.96,12290.51,4247.78,1.3862943611198906,9.789646736112369,3.1354942159291497,10.621522448603852,8.04426047658462,8.354151772503462
113,2020-07-02,31,85263,0,4648,43556,2616949,560,127133,10.681802745465953,3.4339872044851463,6.327936783729196,,5407.33,20540.82,13594.95,5345.5,20208.7,13678.73,3130.01,1781.8,0.68,873.09,1696.26,3115.86,1773.8,0.69,867.43,1694.15,3,17536,5.0,35757.0,3190.14,1736.2,0.75,870.58,1634.84,5103.71,18577.92,12491.55,4335.84,1.0986122886681098,9.772011189747742,1.6094379124341003,10.484501333150819,8.048791478417273,8.374670642069644
114,2020-07-06,14,85320,0,4648,57186,2833552,182,129408,10.95406439216568,2.6390573296152584,5.204006687076795,,5774.53,21217.72,13813.0,5407.33,20540.82,13594.95,3179.72,1790.1,0.69,881.07,1748.37,3130.01,1781.8,0.68,873.09,1696.26,11,17235,31.0,43556.0,3002.1,1731.3,0.66,826.46,1576.91,5058.07,18197.86,12375.98,4419.6,2.3978952727983707,9.754697478950966,3.4339872044851463,10.681802745465951,8.064548421583101,8.39380447323902
115,2020-07-07,25,85345,0,4648,43686,2877238,235,129643,10.684782963622766,3.218875824868201,5.459585514144161,,5810.45,21689.24,14142.03,5774.53,21217.72,13813.0,3145.32,1803.9,0.65,879.74,1733.99,3179.72,1790.1,0.69,881.07,1748.37,7,20315,14.0,57186.0,3041.31,1730.0,0.71,829.31,1572.93,5105.27,18323.12,12526.26,4698.13,1.9459101490553132,9.919114808421828,2.6390573296152584,10.95406439216568,8.053670912766114,8.454919836185525
116,2020-07-08,21,85366,0,4648,46194,2923432,320,129963,10.740605198506103,3.0445224377234235,5.768320995793773,,5843.53,21854.25,14171.2,5810.45,21689.24,14142.03,3169.94,1815.5,0.67,879.69,1756.96,3145.32,1803.9,0.65,879.74,1733.99,49,25314,25.0,43686.0,3066.59,1719.9,0.71,827.16,1586.36,5038.65,18184.08,12657.46,4774.0,3.8918202981106265,10.139112881352395,3.2188758248682006,10.684782963622766,8.061467939247406,8.470939806898775
117,2020-07-09,33,85399,0,4648,50263,2973695,930,130893,10.825024498930237,3.49650756146648,6.835184586147301,,5932.79,22245.36,14656.65,5843.53,21854.25,14171.2,3152.05,1812.4,0.62,873.87,1783.79,3169.94,1815.5,0.67,879.69,1756.96,45,21754,21.0,46194.0,3124.74,1727.2,0.75,850.97,1621.68,5132.47,18376.83,12909.62,4840.77,3.8066624897703196,9.987552927653796,3.044522437723423,10.740605198506104,8.055808313796117,8.484829077966152
118,2020-07-10,46,85445,0,4648,64630,3038325,991,131884,11.076433978256944,3.828641396489095,6.898714534329987,,5966.7,22299.36,14847.18,5932.79,22245.36,14656.65,3185.04,1799.0,0.65,869.68,1808.82,3152.05,1812.4,0.62,873.87,1783.79,44,18514,33.0,50263.0,3113.49,1728.6,0.74,850.01,1630.24,5120.68,18416.56,13224.69,4753.13,3.784189633918261,9.826282481627157,3.4965075614664802,10.825024498930237,8.066220126797104,8.466558627386618
119,2020-07-13,46,85568,0,4648,62369,3225950,906,134392,11.040823636042266,3.828641396489095,6.80903930604298,,6080.83,23236.15,15444.32,5966.7,22299.36,14847.18,3155.22,1805.0,0.64,874.11,1770.56,3185.04,1799.0,0.65,869.68,1808.82,36,27921,46.0,64630.0,3115.34,1724.0,0.71,849.18,1629.06,5159.37,18554.25,13012.97,4852.96,3.58351893845611,10.23713437285382,3.828641396489095,11.076433978256942,8.05681350313062,8.487344107046912
120,2020-07-14,55,85623,1,4649,60113,3286063,312,134704,11.0039814032889,4.007333185232471,5.7430031878094825,0.0,6003.74,23251.59,15434.15,6080.83,23236.15,15444.32,3197.52,1811.0,0.63,887.57,1780.18,3155.22,1805.0,0.64,874.11,1770.56,37,23139,46.0,62369.0,3097.74,1746.2,0.7,864.88,1633.67,5213.93,19001.78,13336.7,4806.69,3.6109179126442243,10.049274784602108,3.828641396489095,11.040823636042266,8.070130788320066,8.47776397652798
121,2020-07-15,54,85677,0,4649,58720,3344783,349,135053,10.980535663288395,3.9889840465642745,5.855071922202427,,5899.09,23504.61,15558.94,6003.74,23251.59,15434.15,3226.56,1813.5,0.64,898.16,1771.49,3197.52,1811.0,0.63,887.57,1780.18,21,32349,55.0,60113.0,3117.86,1756.3,0.71,860.96,1654.35,5155.43,18943.99,13374.29,4744.47,3.044522437723423,10.384338387550182,4.007333185232471,11.0039814032889,8.07917183320485,8.464735008282851
122,2020-07-16,20,85697,2,4651,60711,3405494,754,135807,11.013880179739768,2.9957322735539917,6.625392368007955,0.6931471805599453,5604.28,21680.38,14499.62,5899.09,23504.61,15558.94,3215.57,1794.9,0.62,896.66,1773.02,3226.56,1813.5,0.64,898.16,1771.49,52,27575,54.0,58720.0,3131.29,1776.3,0.72,861.68,1667.61,5157.25,19217.76,13643.58,4516.25,3.9512437185814275,10.224664844121703,3.9889840465642745,10.980535663288396,8.07575991489169,8.41543728246185
123,2020-07-17,78,85775,0,4651,67165,3472659,946,136753,11.114907557497112,4.356708826689592,6.852242569051879,,5708.16,22127.38,14703.27,5604.28,21680.38,14499.62,3224.73,1810.1,0.64,907.34,1755.13,3215.57,1794.9,0.62,896.66,1773.02,28,26519,20.0,60711.0,3050.33,1766.3,0.69,846.12,1641.33,5165.89,19221.38,13537.59,4544.7,3.332204510175204,10.18561673619821,2.995732273553991,11.013880179739768,8.078604504794848,8.421716997832387
124,2020-07-20,131,86068,0,4653,66963,3685460,877,139468,11.111895507027118,4.875197323201151,6.776506992372183,,5905.78,22112.96,14651.06,5708.16,22127.38,14703.27,3251.84,1814.7,0.62,910.69,1816.86,3224.73,1810.1,0.64,907.34,1755.13,14,44580,78.0,67165.0,3053.24,1776.3,0.64,846.85,1627.39,5160.21,19324.48,13655.26,4680.3,2.6390573296152584,10.70504060693986,4.356708826689592,11.114907557497114,8.086976268965312,8.451117489421314
125,2020-07-21,84,86152,0,4653,62788,3748248,496,139964,11.047519251395096,4.430816798843313,6.206575926724928,,5954.22,22467.76,15167.02,5905.78,22112.96,14651.06,3257.3,1836.8,0.61,901.76,1806.78,3251.84,1814.7,0.62,910.69,1816.86,23,41008,131.0,66963.0,3100.29,1791.1,0.66,860.44,1655.42,5234.72,19599.05,13889.51,4691.04,3.1354942159291497,10.621522448603852,4.875197323201151,11.111895507027121,8.088653910337472,8.453409585258635
126,2020-07-22,74,86226,2,4655,57276,3805524,473,140437,10.955636966793897,4.30406509320417,6.159095388491932,0.6931471805599453,6008.02,22760.73,15360.84,5954.22,22467.76,15167.02,3276.02,1867.0,0.6,906.43,1807.74,3257.3,1836.8,0.61,901.76,1806.78,5,35757,84.0,62788.0,3115.86,1773.8,0.69,867.43,1694.15,5345.5,20208.7,13678.73,4714.45,1.6094379124341003,10.484501333150819,4.430816798843313,11.047519251395098,8.094384549960429,8.458387539270959
127,2020-07-23,135,86361,0,4655,62929,3868453,1042,141479,11.04976238572254,4.90527477843843,6.948897222313312,,6065.08,22793.05,15723.98,6008.02,22760.73,15360.84,3235.66,1882.3,0.59,897.99,1769.84,3276.02,1867.0,0.6,906.43,1807.74,31,43556,74.0,57276.0,3130.01,1781.8,0.68,873.09,1696.26,5407.33,20540.82,13594.95,4712.44,3.4339872044851463,10.681802745465951,4.30406509320417,10.955636966793897,8.081988204673188,8.457961099579721
128,2020-07-24,139,86500,1,4656,69641,3938094,1074,142553,11.151108753342495,4.9344739331306915,6.97914527506881,0.0,5722.09,21900.19,14767.0,6065.08,22793.05,15723.98,3215.63,1884.0,0.59,883.24,1775.85,3235.66,1882.3,0.59,897.99,1769.84,14,57186,135.0,62929.0,3179.72,1790.1,0.69,881.07,1748.37,5774.53,21217.72,13813.0,4505.59,2.6390573296152584,10.95406439216568,4.90527477843843,11.049762385722545,8.075778573928883,8.413074127060979
129,2020-07-27,189,87028,0,4659,63968,4148011,929,145727,11.066138237300127,5.241747015059644,6.834108738813838,,5711.48,22153.37,15046.97,5722.09,21900.19,14767.0,3239.41,1931.5,0.62,894.17,1794.47,3215.63,1884.0,0.59,883.24,1775.85,25,43686,139.0,69641.0,3145.32,1803.9,0.65,879.74,1733.99,5810.45,21689.24,14142.03,4528.45,3.2188758248682006,10.684782963622766,4.9344739331306915,11.151108753342497,8.08314649343895,8.418134996570434
130,2020-07-28,217,87245,4,4663,61498,4209509,604,146331,11.026759932940607,5.37989735354046,6.403574197934816,1.3862943611198906,5768.32,22852.4,15080.22,5711.48,22153.37,15046.97,3218.44,1928.6,0.59,895.22,1775.45,3239.41,1931.5,0.62,894.17,1794.47,21,46194,189.0,63968.0,3169.94,1815.5,0.67,879.69,1756.96,5843.53,21854.25,14171.2,4568.26,3.044522437723423,10.740605198506104,5.241747015059643,11.066138237300127,8.076652049094264,8.426887667404362
131,2020-07-29,212,87457,1,4664,54022,4263531,1118,147449,10.897146649985952,5.356586274672011,7.0192966537150445,0.0,5979.26,23093.03,15663.08,5768.32,22852.4,15080.22,3258.44,1952.6,0.58,892.62,1790.03,3218.44,1928.6,0.59,895.22,1775.45,33,50263,217.0,61498.0,3152.05,1812.4,0.62,873.87,1783.79,5932.79,22245.36,14656.65,4679.01,3.4965075614664802,10.825024498930237,5.37989735354046,11.026759932940609,8.089003832222517,8.450841828072738
132,2020-07-30,223,87680,1,4665,59629,4323160,1191,148640,10.99589731189436,5.407171771460121,7.0825485693553,0.0,5944.17,23234.53,15740.83,5979.26,23093.03,15663.08,3246.22,1947.4,0.55,887.94,1795.98,3258.44,1952.6,0.58,892.62,1790.03,46,64630,212.0,54022.0,3185.04,1799.0,0.65,869.68,1808.82,5966.7,22299.36,14847.18,4656.15,3.828641396489095,11.076433978256942,5.356586274672012,10.897146649985954,8.085246521501833,8.445944205387178
133,2020-07-31,276,87956,1,4666,65406,4388566,1414,150054,11.088369276356412,5.62040086571715,7.2541778464565185,0.0,6029.97,23308.81,15982.69,5944.17,23234.53,15740.83,3271.12,1973.3,0.55,881.44,1823.83,3246.22,1947.4,0.55,887.94,1795.98,46,62369,223.0,59629.0,3155.22,1805.0,0.64,874.11,1770.56,6080.83,23236.15,15444.32,4695.05,3.828641396489095,11.040823636042266,5.407171771460119,10.995897311894359,8.092887712894205,8.45426404121292
134,2020-08-03,157,88459,2,4676,58388,4582276,1127,153757,10.97486566825047,5.056245805348309,7.0273145140397775,0.6931471805599453,6150.37,23585.67,16351.23,6029.97,23308.81,15982.69,3294.61,1971.0,0.56,896.28,1819.02,3271.12,1973.3,0.55,881.44,1823.83,55,60113,276.0,65406.0,3197.52,1811.0,0.63,887.57,1780.18,6003.74,23251.59,15434.15,4771.31,4.007333185232471,11.0039814032889,5.62040086571715,11.088369276356413,8.10004307877811,8.470376179301304
135,2020-08-04,114,88573,3,4679,47183,4629459,469,154226,10.761788937205512,4.736198448394496,6.150602768446277,1.0986122886681098,6090.71,23495.2,16225.36,6150.37,23585.67,16351.23,3306.51,2016.1,0.52,892.12,1840.12,3294.61,1971.0,0.56,896.28,1819.02,54,58720,157.0,58388.0,3226.56,1813.5,0.64,898.16,1771.49,5899.09,23504.61,15558.94,4775.8,3.9889840465642745,10.980535663288396,5.056245805348308,10.97486566825047,8.103648531456129,8.471316778148712
136,2020-08-05,109,88682,4,4683,49151,4678610,726,154952,10.802652471248297,4.6913478822291435,6.587550014824796,1.3862943611198906,6132.62,23780.15,16486.8,6090.71,23495.2,16225.36,3327.77,2034.4,0.55,891.79,1855.6,3306.51,2016.1,0.52,892.12,1840.12,20,60711,114.0,47183.0,3215.57,1794.9,0.62,896.66,1773.02,5604.28,21680.38,14499.62,4777.11,2.995732273553991,11.013880179739768,4.736198448394496,10.761788937205512,8.11005768897593,8.47159104012924
137,2020-08-06,122,88804,1,4684,49629,4728239,1098,156050,10.812330619275127,4.804021044733257,7.001245622069478,0.0,6112.0,23283.0,16127.08,6132.62,23780.15,16486.8,3349.16,2058.3,0.55,889.07,1865.79,3327.77,2034.4,0.55,891.79,1855.6,78,67165,109.0,49151.0,3224.73,1810.1,0.64,907.34,1755.13,5708.16,22127.38,14703.27,4762.76,4.356708826689592,11.114907557497114,4.6913478822291435,10.802652471248297,8.116464847108354,8.468582611120656
138,2020-08-07,133,88937,3,4687,53373,4781612,1307,157357,10.885060279102886,4.890349128221754,7.175489713624223,1.0986122886681098,6107.75,23047.23,15894.16,6112.0,23283.0,16127.08,3351.28,2026.6,0.57,889.24,1853.25,3349.16,2058.3,0.55,889.07,1865.79,131,66963,122.0,49629.0,3251.84,1814.7,0.62,910.69,1816.86,5905.78,22112.96,14651.06,4707.93,4.875197323201151,11.111895507027121,4.804021044733257,10.812330619275127,8.117097641393727,8.457003599960371
139,2020-08-10,121,89270,5,4693,53893,4951851,1059,160989,10.894755878333363,4.795790545596741,6.965080345601407,1.6094379124341005,6155.0,23064.54,15910.29,6107.75,23047.23,15894.16,3360.47,2021.1,0.59,884.21,1853.16,3351.28,2026.6,0.57,889.24,1853.25,84,62788,133.0,53373.0,3257.3,1836.8,0.61,901.76,1806.78,5954.22,22467.76,15167.02,4724.87,4.430816798843313,11.047519251395098,4.890349128221754,10.885060279102886,8.119836124127202,8.460595326321835
140,2020-08-11,113,89383,3,4696,47964,4999815,558,161547,10.778206008499325,4.727387818712341,6.324358962381313,1.0986122886681098,6085.48,23133.27,15674.64,6155.0,23064.54,15910.29,3333.69,1906.3,0.64,876.15,1827.6,3360.47,2021.1,0.59,884.21,1853.16,74,57276,121.0,53893.0,3276.02,1867.0,0.6,906.43,1807.74,6008.02,22760.73,15360.84,4681.78,4.30406509320417,10.955636966793897,4.795790545596741,10.894755878333363,8.111835077583981,8.451433658480395
141,2020-08-12,61,89444,3,4699,39894,5039709,557,162104,10.59398121563051,4.110873864173311,6.322565239927285,1.0986122886681098,6011.87,22783.56,15169.8,6085.48,23133.27,15674.64,3380.35,1909.1,0.69,891.73,1863.77,3333.69,1906.3,0.64,876.15,1827.6,135,62929,113.0,47964.0,3235.66,1882.3,0.59,897.99,1769.84,6065.08,22793.05,15723.98,4647.64,4.90527477843843,11.049762385722545,4.727387818712341,10.778206008499323,8.125734533411961,8.44411484286432
142,2020-08-13,82,89526,5,4704,54791,5094500,1236,163340,10.911281225871651,4.4067192472642525,7.1196356380176375,1.6094379124341005,6019.82,22900.33,14914.91,6011.87,22783.56,15169.8,3373.43,1947.0,0.71,888.12,1862.82,3380.35,1909.1,0.69,891.73,1863.77,139,69641,61.0,39894.0,3215.63,1884.0,0.59,883.24,1775.85,5722.09,21900.19,14767.0,4635.71,4.9344739331306915,11.151108753342497,4.110873864173311,10.59398121563051,8.12368530988925,8.441544648577265
143,2020-08-14,99,89625,3,4707,55907,5150407,1486,164826,10.931444874916963,4.59511985013459,7.3038432252777055,1.0986122886681098,6095.33,23275.35,15052.45,6019.82,22900.33,14914.91,3372.85,1941.0,0.71,886.54,1863.8,3373.43,1947.0,0.71,888.12,1862.82,189,63968,82.0,54791.0,3239.41,1931.5,0.62,894.17,1794.47,5711.48,22153.37,15046.97,4704.63,5.241747015059643,11.066138237300127,4.406719247264253,10.911281225871654,8.123513363275285,8.45630240918226
144,2020-08-17,98,89859,0,4710,54375,5312940,1144,168345,10.90365976839099,4.584967478670572,7.042286171939742,,6233.22,23596.95,15240.43,6095.33,23275.35,15052.45,3381.99,1975.9,0.69,896.19,1888.87,3372.85,1941.0,0.71,886.54,1863.8,217,61498,99.0,55907.0,3218.44,1928.6,0.59,895.22,1775.45,5768.32,22852.4,15080.22,4815.23,5.37989735354046,11.026759932940609,4.59511985013459,10.931444874916965,8.126219572623876,8.479539090484963
145,2020-08-18,67,89926,0,4710,41073,5354013,654,168999,10.623106250301868,4.204692619390967,6.483107351457199,,6240.54,23878.19,15454.57,6233.22,23596.95,15240.43,3389.78,1998.8,0.67,895.22,1917.52,3381.99,1975.9,0.69,896.19,1888.87,212,54022,98.0,54375.0,3258.44,1952.6,0.58,892.62,1790.03,5979.26,23093.03,15663.08,4812.76,5.356586274672012,10.897146649985954,4.584967478670572,10.903659768390986,8.128520301513449,8.479026003110715
146,2020-08-19,54,89980,2,4712,39125,5393138,509,169508,10.574516927842454,3.9889840465642745,6.2324480165505225,0.6931471805599453,6079.43,23821.44,15016.0,6240.54,23878.19,15454.57,3374.85,1938.7,0.68,888.97,1900.18,3389.78,1998.8,0.67,895.22,1917.52,223,59629,67.0,41073.0,3246.22,1947.4,0.55,887.94,1795.98,5944.17,23234.53,15740.83,4740.68,5.407171771460119,10.995897311894359,4.204692619390966,10.623106250301866,8.124106157874502,8.463935864315344
147,2020-08-20,33,90013,1,4713,37908,5431046,1132,170640,10.542917450590084,3.49650756146648,7.0317412587631285,0.0,5983.62,23377.11,14931.94,6079.43,23821.44,15016.0,3385.51,1948.3,0.65,888.15,1904.12,3374.85,1938.7,0.68,888.97,1900.18,276,65406,54.0,39125.0,3271.12,1973.3,0.55,881.44,1823.83,6029.97,23308.81,15982.69,4679.15,5.62040086571715,11.088369276356413,3.9889840465642745,10.574516927842454,8.127259838694783,8.450871748484445
148,2020-08-21,40,90053,3,4716,46259,5477305,1393,172033,10.742011318604092,3.688879454113936,7.239214973779807,1.0986122886681098,6060.99,23740.81,15061.09,5983.62,23377.11,14931.94,3397.16,1934.3,0.64,887.61,1906.56,3385.51,1948.3,0.65,888.15,1904.12,157,58388,33.0,37908.0,3294.61,1971.0,0.56,896.28,1819.02,6150.37,23585.67,16351.23,4718.84,5.056245805348308,10.97486566825047,3.4965075614664802,10.542917450590085,8.130695067434086,8.459318285663132
149,2020-08-24,41,90182,1,4718,44946,5612163,997,175243,10.713217048175936,3.713572066704309,6.904750769961837,0.0,6139.01,24146.36,15125.58,6060.99,23740.81,15061.09,3431.28,1923.0,0.65,883.55,1920.08,3397.16,1934.3,0.64,887.61,1906.56,114,47183,40.0,46259.0,3306.51,2016.1,0.52,892.12,1840.12,6090.71,23495.2,16225.36,4755.85,4.736198448394496,10.761788937205512,3.6888794541139363,10.742011318604094,8.140688648389018,8.46713071820481
150,2020-08-25,23,90205,0,4718,37765,5649928,570,175813,10.539138026747548,3.1354942159291497,6.345636360828596,,6132.96,24453.82,15163.65,6139.01,24146.36,15125.58,3443.62,1921.8,0.69,889.07,1929.13,3431.28,1923.0,0.65,883.55,1920.08,109,49151,41.0,44946.0,3327.77,2034.4,0.55,891.79,1855.6,6132.62,23780.15,16486.8,4761.95,4.6913478822291435,10.802652471248297,3.713572066704308,10.713217048175938,8.144278522642413,8.46841252720168
151,2020-08-26,34,90239,1,4719,32883,5682811,388,176201,10.400711085883833,3.5263605246161616,5.961005339623274,0.0,6035.55,24359.34,15117.44,6132.96,24453.82,15163.65,3478.73,1950.8,0.69,888.97,1976.11,3443.62,1921.8,0.69,889.07,1929.13,122,49629,23.0,37765.0,3349.16,2058.3,0.55,889.07,1865.79,6112.0,23283.0,16127.08,4706.13,4.804021044733257,10.812330619275127,3.1354942159291497,10.539138026747548,8.154422563632053,8.456621193215156
152,2020-08-27,32,90271,1,4720,37030,5719841,1131,177332,10.519483673907658,3.4657359027997265,7.030857476116121,0.0,6068.66,24723.41,15253.91,6035.55,24359.34,15117.44,3484.55,1972.5,0.74,890.41,1959.69,3478.73,1950.8,0.69,888.97,1976.11,133,53373,34.0,32883.0,3351.28,2026.6,0.57,889.24,1853.25,6107.75,23047.23,15894.16,4731.35,4.890349128221754,10.885060279102886,3.5263605246161616,10.400711085883833,8.156094190036637,8.461965853025804
153,2020-08-28,30,90301,2,4722,45484,5765325,1229,178561,10.725115894744613,3.4011973816621555,7.113956109566034,0.6931471805599453,6215.92,25507.89,15755.77,6068.66,24723.41,15253.91,3508.01,1961.6,0.74,890.39,1962.57,3484.55,1972.5,0.74,890.41,1959.69,121,53893,32.0,37030.0,3360.47,2021.1,0.59,884.21,1853.16,6155.0,23064.54,15910.29,4844.27,4.795790545596741,10.894755878333363,3.4657359027997265,10.519483673907658,8.16280420411515,8.485551842178248
154,2020-08-31,32,90383,1,4729,43983,5899504,1000,181689,10.691558474606373,3.4657359027997265,6.907755278982138,0.0,6167.95,25583.09,15643.39,6215.92,25507.89,15755.77,3500.31,1966.4,0.72,896.96,1971.54,3508.01,1961.6,0.74,890.39,1962.57,113,47964,30.0,45484.0,3333.69,1906.3,0.64,876.15,1827.6,6085.48,23133.27,15674.64,4816.22,4.727387818712341,10.778206008499323,3.4011973816621555,10.725115894744613,8.16060681498386,8.479744667008433
155,2020-09-01,19,90402,1,4730,37068,5936572,473,182162,10.520509342706582,2.9444389791664403,6.159095388491932,0.0,6284.87,25559.6,15630.64,6167.95,25583.09,15643.39,3526.65,1968.4,0.68,882.76,2004.31,3500.31,1966.4,0.72,896.96,1971.54,61,39894,32.0,43983.0,3380.35,1909.1,0.69,891.73,1863.77,6011.87,22783.56,15169.8,4842.12,4.110873864173311,10.59398121563051,3.4657359027997265,10.691558474606374,8.168103690835093,8.485107920338367
156,2020-09-02,20,90422,1,4731,31808,5968380,423,182585,10.3674731094563,2.9957322735539917,6.0473721790462776,0.0,6328.41,25656.99,15669.39,6284.87,25559.6,15630.64,3580.84,1939.3,0.66,898.94,2022.7,3526.65,1968.4,0.68,882.76,2004.31,82,54791,19.0,37068.0,3373.43,1947.0,0.71,888.12,1862.82,6019.82,22900.33,14914.91,4843.89,4.406719247264253,10.911281225871654,2.9444389791664403,10.520509342706582,8.183352688743328,8.485473395909773
157,2020-09-03,20,90442,3,4734,42662,6011042,1025,183610,10.661063873251763,2.9957322735539917,6.932447891572509,1.0986122886681098,6286.35,25493.59,15610.98,6328.41,25656.99,15669.39,3455.06,1932.4,0.63,873.98,1943.85,3580.84,1939.3,0.66,898.94,2022.7,99,55907,20.0,31808.0,3372.85,1941.0,0.71,886.54,1863.8,6095.33,23275.35,15052.45,4817.1,4.59511985013459,10.931444874916965,2.995732273553991,10.3674731094563,8.147595102187015,8.479927366223748
158,2020-09-04,33,90475,1,4735,39402,6050444,1004,184614,10.581571855419028,3.49650756146648,6.9117473002516725,0.0,6241.08,24902.29,15371.04,6286.35,25493.59,15610.98,3426.96,1921.3,0.72,870.72,1911.45,3455.06,1932.4,0.63,873.98,1943.85,98,54375,20.0,42662.0,3381.99,1975.9,0.69,896.19,1888.87,6233.22,23596.95,15240.43,4770.22,4.584967478670572,10.903659768390986,2.995732273553991,10.661063873251763,8.13942884979015,8.47014770441211
159,2020-09-08,22,90573,2,4739,33486,6222974,462,188003,10.418882720016487,3.0910424533583165,6.135564891081739,0.6931471805599453,6147.98,23769.24,14874.13,6241.08,24902.29,15371.04,3331.84,1929.8,0.69,854.7,1858.82,3426.96,1921.3,0.72,870.72,1911.45,67,41073,33.0,39402.0,3389.78,1998.8,0.67,895.22,1917.52,6240.54,23878.19,15454.57,4694.39,4.204692619390966,10.623106250301866,3.4965075614664802,10.581571855419028,8.11127998292609,8.454123457748711
160,2020-09-09,9,90582,1,4740,26015,6248989,169,188172,10.166428573724405,2.19722457733622,5.1298987149230735,0.0,5948.64,23070.45,14192.47,6147.98,23769.24,14874.13,3398.96,1945.1,0.71,868.47,1903.42,3331.84,1929.8,0.69,854.7,1858.82,54,39125,22.0,33486.0,3374.85,1938.7,0.68,888.97,1900.18,6079.43,23821.44,15016.0,4584.59,3.9889840465642745,10.574516927842454,3.091042453358316,10.418882720016489,8.131224781459762,8.430455958663824
161,2020-09-10,13,90595,0,4740,23204,6272193,436,188608,10.052079956585953,2.5649493574615367,6.0776422433490325,,5963.98,23242.44,14164.35,5948.64,23070.45,14192.47,3339.19,1946.0,0.68,852.93,1860.85,3398.96,1945.1,0.71,868.47,1903.42,33,37908,9.0,26015.0,3385.51,1948.3,0.65,888.15,1904.12,5983.62,23377.11,14931.94,4581.98,3.4965075614664802,10.542917450590085,2.1972245773362196,10.166428573724405,8.113483541589176,8.42988649809776
162,2020-09-11,28,90623,0,4740,31988,6304181,1101,189709,10.373116111451779,3.332204510175204,7.003974136722679,,6052.24,23567.92,14419.28,5963.98,23242.44,14164.35,3340.97,1938.7,0.67,859.71,1850.1,3339.19,1946.0,0.68,852.93,1860.85,40,46259,13.0,23204.0,3397.16,1934.3,0.64,887.61,1906.56,6060.99,23740.81,15061.09,4627.28,3.6888794541139363,10.742011318604094,2.5649493574615367,10.052079956585954,8.11401646296894,8.439724501448243
163,2020-09-14,29,90695,0,4741,40126,6426958,803,192612,10.599779782240146,3.3672958299864737,6.688354713946763,,6123.8,23636.42,14265.07,6052.24,23567.92,14419.28,3383.54,1943.0,0.68,877.24,1856.24,3340.97,1938.7,0.67,859.71,1850.1,41,44946,28.0,31988.0,3431.28,1923.0,0.65,883.55,1920.08,6139.01,24146.36,15125.58,4651.05,3.713572066704308,10.713217048175938,3.332204510175204,10.37311611145178,8.12667777768013,8.444848279542576
164,2020-09-15,23,90718,1,4742,35177,6462135,507,193119,10.468147738930524,3.1354942159291497,6.2285110035911835,0.0,6233.83,23775.81,14445.44,6123.8,23636.42,14265.07,3401.2,1968.5,0.68,881.47,1882.77,3383.54,1943.0,0.68,877.24,1856.24,23,37765,29.0,40126.0,3443.62,1921.8,0.69,889.07,1929.13,6132.96,24453.82,15163.65,4688.48,3.1354942159291497,10.539138026747548,3.367295829986474,10.599779782240146,8.131883589511638,8.452863715093942
165,2020-09-16,16,90734,1,4743,34111,6496246,375,193494,10.43737519189882,2.772588722239781,5.926926025970412,0.0,6225.14,23390.93,14198.72,6233.83,23775.81,14445.44,3385.49,1956.7,0.69,878.8,1856.3,3401.2,1968.5,0.68,881.47,1882.77,34,32883,23.0,35177.0,3478.73,1950.8,0.69,888.97,1976.11,6035.55,24359.34,15117.44,4657.36,3.5263605246161616,10.400711085883833,3.1354942159291497,10.468147738930524,8.127253931147893,8.44620404297941
166,2020-09-17,19,90753,0,4743,34078,6530324,940,194434,10.436407293775185,2.9444389791664403,6.84587987526405,,6292.21,22931.18,13970.33,6225.14,23390.93,14198.72,3357.01,1937.7,0.69,875.9,1827.91,3385.49,1956.7,0.69,878.8,1856.3,32,37030,16.0,34111.0,3484.55,1972.5,0.74,890.41,1959.69,6068.66,24723.41,15253.91,4632.71,3.4657359027997265,10.519483673907658,2.772588722239781,10.43737519189882,8.118805975825762,8.440897289026282
167,2020-09-18,44,90797,0,4743,40795,6571119,1204,195638,10.6163148038629,3.7841896339182615,7.093404625868766,,6351.77,23307.26,14175.14,6292.21,22931.18,13970.33,3319.47,1952.0,0.7,877.59,1806.98,3357.01,1937.7,0.69,875.9,1827.91,30,45484,19.0,34078.0,3508.01,1961.6,0.74,890.39,1962.57,6215.92,25507.89,15755.77,4737.09,3.4011973816621555,10.725115894744613,2.9444389791664403,10.436407293775185,8.107560410612727,8.463178302109954
168,2020-09-21,36,90876,0,4744,41695,6703698,652,198094,10.638136496521085,3.58351893845611,6.480044561926652,,6268.39,22986.94,14081.88,6351.77,23307.26,14175.14,3281.06,1884.2,0.68,859.88,1807.35,3319.47,1952.0,0.7,877.59,1806.98,32,43983,44.0,40795.0,3500.31,1966.4,0.72,896.96,1971.54,6167.95,25583.09,15643.39,4691.43,3.4657359027997265,10.691558474606374,3.784189633918261,10.6163148038629,8.095921819901484,8.453492719017705
169,2020-09-22,14,90890,0,4744,36766,6740464,269,198363,10.512328784042817,2.6390573296152584,5.594711379601837,,6173.33,22808.85,14056.35,6268.39,22986.94,14081.88,3315.57,1913.1,0.68,862.9,1862.07,3281.06,1884.2,0.68,859.88,1807.35,19,37068,36.0,41695.0,3526.65,1968.4,0.68,882.76,2004.31,6284.87,25559.6,15630.64,4635.76,2.9444389791664403,10.520509342706582,3.58351893845611,10.638136496521085,8.106384833540353,8.441555434353416
170,2020-09-23,18,90908,0,4744,39145,6779609,430,198793,10.575027979342014,2.8903717578961645,6.063785208687607,,6242.06,22863.57,14462.53,6173.33,22808.85,14056.35,3236.92,1875.5,0.68,856.67,1806.2,3315.57,1913.1,0.68,862.9,1862.07,20,31808,14.0,36766.0,3580.84,1939.3,0.66,898.94,2022.7,6328.41,25656.99,15669.39,4652.33,2.995732273553991,10.3674731094563,2.6390573296152584,10.512328784042817,8.08237753937926,8.445123448353927
171,2020-09-24,10,90918,1,4745,49176,6828785,807,199600,10.803160978586844,2.302585092994046,6.693323668269949,0.0,6090.53,22479.44,14219.42,6242.06,22863.57,14462.53,3246.59,1864.5,0.67,852.68,1810.38,3236.92,1875.5,0.68,856.67,1806.2,20,42662,18.0,39145.0,3455.06,1932.4,0.63,873.98,1943.85,6286.35,25493.59,15610.98,4563.07,2.995732273553991,10.661063873251763,2.8903717578961645,10.575027979342014,8.085360493726618,8.425750921594306
172,2020-09-25,15,90933,0,4745,40043,6868828,1125,200725,10.59770915569734,2.7080502011022096,7.0255383146385215,,6096.0,22569.96,14255.69,6090.53,22479.44,14219.42,3298.46,1856.3,0.66,863.65,1839.06,3246.59,1864.5,0.67,852.68,1810.38,33,39402,10.0,49176.0,3426.96,1921.3,0.72,870.72,1911.45,6241.08,24902.29,15371.04,4570.02,3.4965075614664802,10.581571855419028,2.302585092994046,10.803160978586845,8.101210971865127,8.427272860246289
173,2020-09-28,27,90993,0,4746,48958,7009110,851,203329,10.798718066678637,3.2958368660043287,6.7464121285733745,,6112.52,22628.52,14023.1,6096.0,22569.96,14255.69,3351.6,,0.67,870.06,1877.0,3298.46,1856.3,0.66,863.65,1839.06,22,33486,15.0,40043.0,3331.84,1929.8,0.69,854.7,1858.82,6147.98,23769.24,14874.13,4581.91,3.091042453358316,10.418882720016489,2.70805020110221,10.59770915569734,8.117193122739131,8.429871220742838
174,2020-09-29,25,91018,0,4746,35217,7044327,291,203620,10.469284199546633,3.218875824868201,5.673323267171493,,6155.65,22786.22,14147.85,6112.52,22628.52,14023.1,3335.47,1895.4,0.66,868.57,1867.1,3351.6,,0.67,870.06,1877.0,9,26015,27.0,48958.0,3398.96,1945.1,0.71,868.47,1903.42,5948.64,23070.45,14192.47,4591.8,2.1972245773362196,10.166428573724405,3.295836866004329,10.798718066678635,8.112368877955323,8.43202738304393
175,2020-09-30,23,91041,0,4746,32688,7077015,255,203875,10.394763317057404,3.1354942159291497,5.541263545158426,,6162.78,22860.03,14242.44,6155.65,22786.22,14147.85,3363.0,1883.5,0.69,877.56,1882.48,3335.47,1895.4,0.66,868.57,1867.1,13,23204,25.0,35217.0,3339.19,1946.0,0.68,852.93,1860.85,5963.98,23242.44,14164.35,4587.4,2.5649493574615367,10.052079956585954,3.2188758248682006,10.469284199546632,8.12058871174027,8.431068693760116
176,2020-10-09,40,91252,0,4746,52458,7471688,888,210338,10.867768128408942,3.688879454113936,6.78897174299217,,6220.65,23316.88,14617.37,6162.78,22860.03,14242.44,3477.13,1927.2,0.79,892.58,1963.23,3363.0,1883.5,0.69,877.56,1882.48,28,31988,23.0,32688.0,3340.97,1938.7,0.67,859.71,1850.1,6052.24,23567.92,14419.28,4681.14,3.332204510175204,10.37311611145178,3.1354942159291497,10.394763317057404,8.153962519862278,8.451296948992118
177,2020-10-12,28,91333,0,4746,53055,7636803,575,212804,10.879084390307685,3.332204510175204,6.3543700407973525,,6399.17,24291.82,15077.02,6220.65,23316.88,14617.37,3534.22,1920.1,,897.6,2008.81,3477.13,1927.2,0.79,892.58,1963.23,29,40126,40.0,52458.0,3383.54,1943.0,0.68,877.24,1856.24,6123.8,23636.42,14265.07,4823.16,3.367295829986474,10.599779782240146,3.6888794541139363,10.867768128408946,8.170247903347247,8.481184593891511
178,2020-10-13,26,91359,0,4746,45325,7682128,487,213291,10.721614035623055,3.258096538021482,6.18826412308259,,6480.62,24536.61,15224.89,6399.17,24291.82,15077.02,3511.93,1886.4,0.74,891.63,2020.89,3534.22,1920.1,,897.6,2008.81,23,35177,28.0,53055.0,3401.2,1968.5,0.68,881.47,1882.77,6233.83,23775.81,14445.44,4839.2,3.1354942159291497,10.468147738930524,3.332204510175204,10.87908439030769,8.163921022893499,8.484504696792705
179,2020-10-14,28,91387,0,4746,46308,7728436,335,213626,10.743070011325619,3.332204510175204,5.814130531825067,,6460.01,24339.87,15139.68,6480.62,24536.61,15224.89,3488.67,1896.8,0.73,884.22,1988.32,3511.93,1886.4,0.74,891.63,2020.89,16,34111,26.0,45325.0,3385.49,1956.7,0.69,878.8,1856.3,6225.14,23390.93,14198.72,4807.1,2.772588722239781,10.43737519189882,3.258096538021482,10.721614035623052,8.157275853738458,8.477849270673213
180,2020-10-15,12,91399,0,4746,46309,7774745,743,214369,10.743091605633357,2.4849066497880004,6.610696044717759,,6439.42,24119.15,15017.91,6460.01,24339.87,15139.68,3483.34,1906.3,0.74,869.42,1988.87,3488.67,1896.8,0.73,884.22,1988.32,19,34078,28.0,46308.0,3357.01,1937.7,0.69,875.9,1827.91,6292.21,22931.18,13970.33,4798.74,2.9444389791664403,10.436407293775185,3.332204510175204,10.743070011325619,8.155746882598613,8.476108662436827
181,2020-10-16,37,91436,0,4746,59106,7833851,830,215199,10.987087721083734,3.6109179126442235,6.721425700790642,,6365.92,23924.57,15063.45,6439.42,24119.15,15017.91,3483.81,1896.1,0.76,876.78,1968.92,3483.34,1906.3,0.74,869.42,1988.87,44,40795,12.0,46309.0,3319.47,1952.0,0.7,877.59,1806.98,6351.77,23307.26,14175.14,4791.68,3.784189633918261,10.6163148038629,2.4849066497880004,10.74309160563336,8.155881801468084,8.474636359602266
182,2020-10-19,17,91507,0,4746,52508,8019237,588,217659,10.8687208179233,2.8332133440562166,6.376726947898628,,6319.47,23575.41,14676.42,6365.92,23924.57,15063.45,3426.92,1898.2,0.78,861.57,1938.24,3483.81,1896.1,0.76,876.78,1968.92,36,41695,37.0,59106.0,3281.06,1884.2,0.68,859.88,1807.35,6268.39,22986.94,14081.88,4755.49,3.58351893845611,10.638136496521085,3.6109179126442243,10.987087721083734,8.13941717756945,8.467055019091925
183,2020-10-20,39,91546,0,4746,46378,8065615,472,218131,10.744580487844381,3.6635616461296463,6.156978985585555,,6453.37,24120.27,14820.37,6319.47,23575.41,14676.42,3443.12,1912.5,0.81,860.23,1943.56,3426.92,1898.2,0.78,861.57,1938.24,14,36766,17.0,52508.0,3315.57,1913.1,0.68,862.9,1862.07,6173.33,22808.85,14056.35,4793.47,2.6390573296152584,10.512328784042817,2.833213344056216,10.868720817923299,8.144133316056749,8.47500985402245
184,2020-10-21,19,91565,0,4746,59018,8124633,510,218641,10.985597761104732,2.9444389791664403,6.23441072571837,,6462.35,24079.73,14787.81,6453.37,24120.27,14820.37,3435.56,1923.3,0.83,851.71,1920.31,3443.12,1912.5,0.81,860.23,1943.56,18,39145,39.0,46378.0,3236.92,1875.5,0.68,856.67,1806.2,6242.06,22863.57,14462.53,4792.83,2.8903717578961645,10.575027979342014,3.6635616461296463,10.744580487844381,8.141935219025363,8.474876330139208
185,2020-10-22,23,91588,0,4746,60155,8184788,856,219497,11.004679843467624,3.1354942159291497,6.752270376141743,,6459.84,24088.1,14549.14,6462.35,24079.73,14787.81,3453.49,1902.6,0.87,860.92,1911.12,3435.56,1923.3,0.83,851.71,1920.31,10,49176,19.0,59018.0,3246.59,1864.5,0.67,852.68,1810.38,6090.53,22479.44,14219.42,4777.98,2.302585092994046,10.803160978586845,2.9444389791664403,10.985597761104732,8.14714059291169,8.471773142025173
186,2020-10-23,33,91621,0,4746,63361,8248149,1066,220563,11.056603809192042,3.49650756146648,6.97166860472579,,6370.83,23478.18,14073.32,6459.84,24088.1,14549.14,3465.39,1901.4,0.85,862.76,1924.88,3453.49,1902.6,0.87,860.92,1911.12,15,40043,23.0,60155.0,3298.46,1856.3,0.66,863.65,1839.06,6096.0,22569.96,14255.69,4718.49,2.70805020110221,10.59770915569734,3.1354942159291497,11.004679843467624,8.15058045940282,8.459244112141562
187,2020-10-26,26,91701,0,4746,82626,8485747,821,223328,11.322079679955179,3.258096538021482,6.710523109452428,,6375.08,23315.17,14192.32,6370.83,23478.18,14073.32,3400.97,1902.9,0.81,854.06,1905.96,3465.39,1901.4,0.85,862.76,1924.88,27,48958,33.0,63361.0,3351.6,,0.67,870.06,1877.0,6112.52,22628.52,14023.1,4691.24,3.295836866004329,10.798718066678635,3.4965075614664802,11.056603809192042,8.131815964033272,8.453452218818928
188,2020-10-27,24,91725,0,4746,62364,8548111,371,223699,11.040743464796442,3.1780538303479458,5.916202062607435,,6340.89,23483.33,14518.83,6375.08,23315.17,14192.32,3390.68,1905.4,0.79,848.19,1922.77,3400.97,1902.9,0.81,854.06,1905.96,25,35217,26.0,82626.0,3335.47,1895.4,0.66,868.57,1867.1,6155.65,22786.22,14147.85,4699.28,3.2188758248682006,10.469284199546632,3.258096538021482,11.32207967995518,8.12878577022952,8.455164584473774
189,2020-10-28,47,91772,0,4746,63145,8611256,479,224178,11.05318894808027,3.8501476017100575,6.171700597410915,,6501.06,23957.5,14575.66,6340.89,23483.33,14518.83,3271.03,1881.9,0.79,823.6,1868.22,3390.68,1905.4,0.79,848.19,1922.77,23,32688,24.0,62364.0,3363.0,1883.5,0.69,877.56,1882.48,6162.78,22860.03,14242.44,4737.27,3.1354942159291497,10.394763317057404,3.1780538303479458,11.040743464796442,8.09286019900351,8.463216299399486
190,2020-10-29,49,91821,0,4746,72042,8683298,895,225073,11.185004561258774,3.8918202981106265,6.796823718274855,,6632.96,24475.09,14846.0,6501.06,23957.5,14575.66,3310.11,1863.7,0.85,823.82,1884.99,3271.03,1881.9,0.79,823.6,1868.22,40,52458,47.0,63145.0,3477.13,1927.2,0.79,892.58,1963.23,6220.65,23316.88,14617.37,4772.92,3.6888794541139363,10.867768128408946,3.8501476017100584,11.05318894808027,8.104736700447315,8.470713555918437
191,2020-10-30,31,91852,0,4746,80384,8763682,1059,226132,11.294570430387814,3.4339872044851463,6.965080345601407,,6555.22,23696.27,14559.98,6632.96,24475.09,14846.0,3269.96,1876.6,0.88,821.14,1821.14,3310.11,1863.7,0.85,823.82,1884.99,28,53055,49.0,72042.0,3534.22,1920.1,,897.6,2008.81,6399.17,24291.82,15077.02,4695.33,3.332204510175204,10.87908439030769,3.8918202981106265,11.185004561258774,8.092533031400581,8.454323676712246
192,2020-11-02,34,91955,0,4746,80379,9032465,813,228998,11.294508227020106,3.5263605246161616,6.700731109547808,,6737.88,23735.69,14433.7,6555.22,23696.27,14559.98,3310.24,1894.8,0.87,832.57,1829.35,3269.96,1876.6,0.88,821.14,1821.14,26,45325,31.0,80384.0,3511.93,1886.4,0.74,891.63,2020.89,6480.62,24536.61,15224.89,4720.83,3.258096538021482,10.721614035623052,3.4339872044851463,11.294570430387816,8.104775973295434,8.459739910577877
193,2020-11-03,60,92015,0,4746,75888,9108353,444,229442,11.237013848117364,4.0943445622221,6.095824562432225,,6756.63,23998.87,14608.95,6737.88,23735.69,14433.7,3369.16,1904.8,0.9,838.01,1865.56,3310.24,1894.8,0.87,832.57,1829.35,28,46308,34.0,80379.0,3488.67,1896.8,0.73,884.22,1988.32,6460.01,24339.87,15139.68,4777.56,3.332204510175204,10.743070011325619,3.5263605246161616,11.294508227020106,8.122418734116192,8.471685234905268
194,2020-11-04,30,92045,0,4746,85412,9193765,506,229948,11.355241885127803,3.4011973816621555,6.226536669287466,,6910.73,24063.16,14653.13,6756.63,23998.87,14608.95,3443.44,1901.0,0.78,881.76,1925.71,3369.16,1904.8,0.9,838.01,1865.56,12,46309,60.0,75888.0,3483.34,1906.3,0.74,869.42,1988.87,6439.42,24119.15,15017.91,4813.66,2.4849066497880004,10.74309160563336,4.0943445622221,11.237013848117362,8.144226250700527,8.479212988511856
195,2020-11-05,32,92077,1,4747,88163,9281928,1086,231034,11.386942652845883,3.4657359027997265,6.990256500493881,0.0,7096.33,24457.27,14697.3,6910.73,24063.16,14653.13,3510.45,1946.6,0.79,876.57,1966.44,3443.44,1901.0,0.78,881.76,1925.71,37,59106,30.0,85412.0,3483.81,1896.1,0.76,876.78,1968.92,6365.92,23924.57,15063.45,4885.11,3.6109179126442243,10.987087721083734,3.4011973816621555,11.355241885127805,8.16349951337054,8.493947082135334
