,CSI300,cproducts_ch,healthcare_ch,SP500,DJI_Retail,DJI_Pharma,lNew_cases_CH,lNew_deaths_CH,lNew_cases_US,lNew_deaths_US,lCOMEX_Gold,lUS_Tbill_10yr,lCSI300,lcproducts_ch,lhealthcare_ch,lSP500,lDJI_Retail,lDJI_Pharma
19,8.322226055247834,9.69059137953628,9.284856278056402,8.107957985411723,7.257178996206677,6.755570997858404,2.6390573296152584,2.3978952727983707,2.302585092994046,2.302585092994046,7.350708831501293,0.6097655716208943,8.332032327602324,9.714858205396059,9.254659010903849,8.110613462348864,7.251770424774079,6.758245480254465
20,8.32650015536672,9.686671310266378,9.272205823644748,8.108247031471418,7.254135412741511,6.753776251088509,4.634728988229636,2.4849066497880004,2.302585092994046,2.302585092994046,7.351158226430694,0.5766133643039938,8.322226055247834,9.69059137953628,9.284856278056402,8.107957985411723,7.257178996206677,6.755570997858404
21,8.295024489781635,9.64477048794192,9.251678015926416,8.109387345918563,7.259221681991257,6.748782993875661,5.087596335232384,2.5649493574615367,2.302585092994046,2.302585092994046,7.351479099207392,0.5709795465857378,8.32650015536672,9.686671310266378,9.272205823644748,8.108247031471418,7.254135412741511,6.753776251088509
32,8.212936597324184,9.56301465091602,9.208292035566787,8.08607791240504,7.264639201083412,6.719580626192914,4.948759890378168,2.8903717578961645,2.302585092994046,2.302585092994046,7.353850363176197,0.5538851132264376,8.295024489781635,9.64477048794192,9.251678015926416,8.109387345918563,7.259221681991257,6.748782993875661
33,8.238969606110059,9.589488780211234,9.245906945732955,8.100947177623105,7.28080049583419,6.735269194960265,7.950502434808851,4.204692619390966,2.5649493574615367,2.302585092994046,7.365812837209472,0.43178241642553783,8.212936597324184,9.56301465091602,9.208292035566787,8.08607791240504,7.264639201083412,6.719580626192914
34,8.2502354651381,9.605437922204088,9.28579190400612,8.11213500050604,7.288545107683043,6.7505750145945145,8.084254106307318,4.30406509320417,2.302585092994046,2.302585092994046,7.350323475041804,0.4762341789963717,8.238969606110059,9.589488780211234,9.245906945732955,8.100947177623105,7.28080049583419,6.735269194960265
35,8.268674163788285,9.632616578392808,9.321068267445108,8.115455129235702,7.289467166466435,6.75448754257892,8.269244521183056,4.330733340286331,2.302585092994046,2.302585092994046,7.35224877405778,0.5068176023684519,8.2502354651381,9.605437922204088,9.28579190400612,8.11213500050604,7.288545107683043,6.7505750145945145
36,8.268698318735657,9.640909591737202,9.304153968822325,8.110039658721162,7.292303138834913,6.751510741898301,8.217978203150732,4.418840607796598,2.3978952727983707,2.302585092994046,7.358958278764155,0.5007752879124892,8.268674163788285,9.632616578392808,9.321068267445108,8.115455129235702,7.289467166466435,6.75448754257892
39,8.272827331535117,9.653344408034483,9.291218573604345,8.117339310883533,7.304502496470579,6.757083540614308,8.058643712215618,4.418840607796598,2.302585092994046,2.302585092994046,7.361311894557556,0.4637340162321402,8.268698318735657,9.640909591737202,9.304153968822325,8.110039658721162,7.292303138834913,6.751510741898301
40,8.282094536784772,9.66230798192951,9.290793715327348,8.119026385789185,7.309948373219882,6.759266871524477,8.00469951054955,4.672828834461906,2.302585092994046,2.302585092994046,7.362327961197329,0.44468582126144574,8.272827331535117,9.653344408034483,9.291218573604345,8.117339310883533,7.304502496470579,6.757083540614308
41,8.290150172049309,9.666318483123769,9.301559120551783,8.12546825334293,7.31776338536219,6.755454553600139,7.8168199657645525,4.770684624465665,2.3978952727983707,2.302585092994046,7.3595949376002014,0.4637340162321402,8.282094536784772,9.66230798192951,9.290793715327348,8.119026385789185,7.309948373219882,6.759266871524477
42,8.283978798987789,9.660329579748936,9.290276160087872,8.123836479900964,7.3178828343045454,6.744506671569465,7.616775808698373,4.672828834461906,2.302585092994046,2.302585092994046,7.358257485565023,0.4824261492442928,8.290150172049309,9.666318483123769,9.301559120551783,8.12546825334293,7.31776338536219,6.755454553600139
43,8.290978478910672,9.669194532502733,9.290540928729358,8.125678324634798,7.316182661885414,6.744859808013284,9.626547576616248,5.575949103146316,2.4849066497880004,2.302585092994046,7.364547014255642,0.4762341789963717,8.283978798987789,9.660329579748936,9.290276160087872,8.123836479900964,7.3178828343045454,6.744506671569465
47,8.308324961122727,9.679097837582443,9.306857096340067,8.122754073056488,7.322834027606272,6.7414173014893795,8.308938252595778,3.1354942159291497,2.302585092994046,2.302585092994046,7.369537706568797,0.4637340162321402,8.290978478910672,9.669194532502733,9.290540928729358,8.125678324634798,7.316182661885414,6.744859808013284
48,8.306795737373442,9.690604970703099,9.286234112267861,8.12744886177093,7.325241180316929,6.743104667298745,7.551186867296149,4.68213122712422,2.302585092994046,2.302585092994046,7.380567460549911,0.4382549309311553,8.308324961122727,9.679097837582443,9.306857096340067,8.122754073056488,7.322834027606272,6.7414173014893795
49,8.329575096696768,9.710293534157117,9.297717073893201,8.123626021293099,7.326083962073183,6.740022782431475,7.473637108496206,4.983606621708336,2.302585092994046,2.302585092994046,7.3868425269609155,0.44468582126144574,8.306795737373442,9.690604970703099,9.286234112267861,8.12744886177093,7.325241180316929,6.743104667298745
50,8.33074078640473,9.704974965570612,9.304602038646316,8.113052206270204,7.312800298865597,6.744012070949375,6.0063531596017325,4.8283137373023015,2.302585092994046,2.302585092994046,7.391600174416353,0.41871033485818504,8.329575096696768,9.710293534157117,9.297717073893201,8.123626021293099,7.326083962073183,6.740022782431475
53,8.326719810605676,9.695098282033474,9.309477664487783,8.078964160149683,7.282183693304844,6.720931602840739,6.804614520062624,4.852030263919617,3.367295829986474,2.302585092994046,7.406042626050023,0.37843643572024505,8.33074078640473,9.704974965570612,9.304602038646316,8.113052206270204,7.312800298865597,6.744012070949375
54,8.324543514735824,9.69285049300339,9.319672725432929,8.048216234961584,7.260325811335777,6.698477649904538,5.442417710521793,5.075173815233827,3.332204510175204,2.302585092994046,7.415596453707168,0.3220834991691132,8.326719810605676,9.695098282033474,9.309477664487783,8.078964160149683,7.282183693304844,6.720931602840739
55,8.312138839534402,9.685472645961507,9.287794689579616,8.044430559620853,7.262039367101499,6.702598982682314,6.267200548541362,4.394449154672439,2.302585092994046,2.302585092994046,7.400620577371135,0.28517894223366247,8.324543514735824,9.69285049300339,9.319672725432929,8.048216234961584,7.260325811335777,6.698477649904538
56,8.315046627395674,9.697843967172268,9.29663682263354,7.9992623855202,7.22057864384025,6.669358486205113,6.042632833682381,4.127134385045092,2.772588722239781,2.302585092994046,7.404218251912291,0.28517894223366247,8.312138839534402,9.685472645961507,9.287794689579616,8.044430559620853,7.262039367101499,6.702598982682314
57,8.278948388002078,9.658876176378548,9.267733623239666,7.990989935605924,7.206911273507545,6.655903563531184,6.1092475827643655,3.6635616461296463,2.302585092994046,2.302585092994046,7.406407101816419,0.26236426446749106,8.315046627395674,9.697843967172268,9.29663682263354,7.9992623855202,7.22057864384025,6.669358486205113
60,8.311316260331234,9.6863019983055,9.290299322296017,8.036000800778702,7.24991843442004,6.699537285292006,5.82600010738045,3.9889840465642745,2.5649493574615367,2.302585092994046,7.369789738578196,0.12221763272424911,8.278948388002078,9.658876176378548,9.267733623239666,7.990989935605924,7.206911273507545,6.655903563531184
61,8.316633078728474,9.69769166904009,9.312676827770638,8.007490270516797,7.227190346614266,6.67548268446571,5.375278407684165,3.9512437185814275,2.4849066497880004,2.302585092994046,7.3716150734673835,0.09531017980432493,8.311316260331234,9.6863019983055,9.290299322296017,8.036000800778702,7.24991843442004,6.699537285292006
62,8.322406846930459,9.71298857761006,9.310805605266964,8.048826621457438,7.264184192657906,6.724733477073789,4.927253685157205,3.713572066704308,3.9889840465642745,2.4849066497880004,7.4034266549764505,0.01980262729617973,8.316633078728474,9.69769166904009,9.312676827770638,8.007490270516797,7.227190346614266,6.67548268446571
63,8.344439737980382,9.75539889231707,9.329331655185202,8.014315895832741,7.237591258564641,6.70716791338129,4.867534450455582,3.871201010907891,3.4339872044851463,2.5649493574615367,7.4010480974558215,0.01980262729617973,8.322406846930459,9.71298857761006,9.310805605266964,8.048826621457438,7.264184192657906,6.724733477073789
64,8.32809042208472,9.739574339712247,9.331542480380557,7.9971148933781215,7.227226673923325,6.702598982682314,5.030437921392435,3.713572066704308,2.302585092994046,2.6390573296152584,7.422313926337235,-0.08338160893905101,8.344439737980382,9.75539889231707,9.329331655185202,8.014315895832741,7.237591258564641,6.70716791338129
67,8.293332508024276,9.710925950985985,9.307795604055462,7.918104498529855,7.176751350478436,6.651546033462592,5.049856007249537,3.6888794541139363,4.543294782270004,2.4849066497880004,7.423090718225956,-0.3011050927839216,8.32809042208472,9.739574339712247,9.331542480380557,7.9971148933781215,7.227226673923325,6.702598982682314
68,8.314521528687019,9.728649476520102,9.310171924045486,7.966319579065655,7.221762776601467,6.679913206886373,4.007333185232471,3.4965075614664802,5.594711379601839,2.8903717578961645,7.4269061514941175,-0.616186139423817,8.293332508024276,9.710925950985985,9.307795604055462,7.918104498529855,7.176751350478436,6.651546033462592
69,8.3011317278124,9.725101276358165,9.29746548166467,7.916216722228245,7.175619774025986,6.636012170331859,3.4011973816621555,3.295836866004329,5.455321115357702,2.772588722239781,7.408045600832745,-0.2744368457017603,8.314521528687019,9.728649476520102,9.310171924045486,7.966319579065655,7.221762776601467,6.679913206886373
70,8.281701489525496,9.696740946053657,9.266247332519454,7.816271870382237,7.078004254541822,6.562783019302794,3.713572066704308,3.4657359027997265,2.302585092994046,2.302585092994046,7.3993369193813665,-0.19845093872383832,8.3011317278124,9.725101276358165,9.29746548166467,7.916216722228245,7.175619774025986,6.636012170331859
71,8.267529263167619,9.683750635797647,9.246275356491937,7.905080226822983,7.144856960764851,6.630327121660191,3.58351893845611,3.044522437723423,5.707110264748875,2.6390573296152584,7.362581816628025,-0.12783337150988489,8.281701489525496,9.696740946053657,9.266247332519454,7.816271870382237,7.078004254541822,6.562783019302794
74,8.22358420277915,9.638592271246152,9.21481244732403,7.777428085666511,7.035198174266102,6.546110864797651,2.995732273553991,2.833213344056216,5.659482215759621,2.833213344056216,7.332303801566568,-0.06187540371808753,8.267529263167619,9.683750635797647,9.246275356491937,7.905080226822983,7.144856960764851,6.630327121660191
75,8.218701491555063,9.628834848012213,9.21611627926216,7.8356543723572525,7.099218258693347,6.609874711553686,3.6635616461296463,3.1780538303479458,2.302585092994046,2.302585092994046,7.322840630467292,-0.31471074483970024,8.22358420277915,9.638592271246152,9.21481244732403,7.777428085666511,7.035198174266102,6.546110864797651
76,8.198709997363675,9.6199923960393,9.206074947975525,7.782432036135828,7.074777055431091,6.588802673446451,3.8918202981106265,3.1354942159291497,7.513163545234075,3.295836866004329,7.332303801566568,0.01980262729617973,8.218701491555063,9.628834848012213,9.21611627926216,7.8356543723572525,7.099218258693347,6.609874711553686
77,8.185654691873557,9.60894118126552,9.194397761221364,7.787128882413248,7.096116891193358,6.564969151637525,4.219507705176107,3.044522437723423,8.177796683277778,3.9512437185814275,7.304986582163198,0.16551443847757333,8.198709997363675,9.6199923960393,9.206074947975525,7.782432036135828,7.074777055431091,6.588802673446451
78,8.203365317005693,9.63079597244564,9.222846552672618,7.74280124767009,7.062842662822322,6.529185234336617,4.6913478822291435,2.8903717578961645,8.119993827725105,4.0943445622221,7.29505641646263,0.11332868530700327,8.185654691873557,9.60894118126552,9.194397761221364,7.787128882413248,7.096116891193358,6.564969151637525
81,8.16913977507046,9.603629060800525,9.203496818189459,7.71306975641283,7.081901844740846,6.488368715532928,5.003946305945459,3.044522437723423,8.473659189392508,4.110873864173311,7.31395345166613,-0.08338160893905101,8.203365317005693,9.63079597244564,9.222846552672618,7.74280124767009,7.062842662822322,6.529185234336617
82,8.195641180582173,9.636860786502602,9.231243795135004,7.802752913361046,7.125645053347799,6.543566462185812,4.736198448394496,2.9444389791664403,9.702839079049289,5.351858133476067,7.356535271776246,-0.2744368457017603,8.16913977507046,9.603629060800525,9.203496818189459,7.71306975641283,7.081901844740846,6.488368715532928
83,8.22215562687005,9.658940860662437,9.264689911285707,7.814221912035526,7.111561054939761,6.538501552836545,5.159055299214529,2.833213344056216,9.920885329712549,5.638354669333745,7.4190807777897785,-0.1743533871447778,8.195641180582173,9.636860786502602,9.231243795135004,7.802752913361046,7.125645053347799,6.543566462185812
84,8.215560175521645,9.659649980627753,9.28343429730102,7.874765740787193,7.1559113916976385,6.600700086982516,4.718498871295094,2.6390573296152584,2.302585092994046,2.302585092994046,7.403670290012373,-0.12783337150988489,8.22215562687005,9.658940860662437,9.264689911285707,7.814221912035526,7.111561054939761,6.538501552836545
85,8.218803462746147,9.665310455382087,9.27686761429623,7.840497932764564,7.132122081819042,6.581055139509627,4.624972813284271,2.772588722239781,9.706864211031315,5.793013608384144,7.409560339527045,-0.18632957819149348,8.215560175521645,9.659649980627753,9.28343429730102,7.874765740787193,7.1559113916976385,6.600700086982516
88,8.209066423186417,9.664657109031447,9.26272260075941,7.8734645489860196,7.159929337674925,6.631619622697395,4.955827057601261,2.70805020110221,2.302585092994046,2.302585092994046,7.4109518755836366,-0.3285040669720361,8.218803462746147,9.665310455382087,9.27686761429623,7.840497932764564,7.132122081819042,6.581055139509627
89,8.212339215477988,9.70572641852523,9.274634375721813,7.857322167012957,7.1468351695947,6.629759476119777,4.820281565605037,2.6390573296152584,9.870034176276908,6.118097198041348,7.404461694187244,-0.35667494393873245,8.209066423186417,9.664657109031447,9.26272260075941,7.8734645489860196,7.159929337674925,6.631619622697395
90,8.209329037284567,9.692577731795936,9.259612572328457,7.812175838285805,7.119085324810798,6.599462252626232,4.605170185988092,2.6390573296152584,9.797960356321203,5.69035945432406,7.372118028337787,-0.35667494393873245,8.212339215477988,9.70572641852523,9.274634375721813,7.857322167012957,7.1468351695947,6.629759476119777
91,8.22537741363154,9.700899065954273,9.275292248295727,7.834748533989428,7.12782210201835,6.634462515410864,4.634728988229636,2.833213344056216,10.02433256222833,6.135564891081739,7.379881653608852,-0.4780358009429998,8.209329037284567,9.692577731795936,9.259612572328457,7.812175838285805,7.119085324810798,6.599462252626232
92,8.219654245877308,9.70810746708298,9.285302833949473,7.819495673757474,7.116183082860571,6.630353515937912,4.564348191467836,2.772588722239781,10.090506393131704,6.913737350659685,7.3995204000093855,-0.4620354595965587,8.22537741363154,9.700899065954273,9.275292248295727,7.834748533989428,7.12782210201835,6.634462515410864
96,8.242235525900854,9.742957379444825,9.313148309576825,7.885859572662208,7.180503900434936,6.65695785988609,4.477336814478207,2.6390573296152584,10.177628354421241,6.863803391452954,7.407803029576249,-0.4780358009429998,8.219654245877308,9.70810746708298,9.285302833949473,7.819495673757474,7.116183082860571,6.630353515937912
97,8.237570422026995,9.731050084797442,9.31133766761874,7.919348917906897,7.1978095355789735,6.688329807036338,4.330733340286331,2.302585092994046,10.185013213113992,7.099201743553092,7.4263109488100385,-0.2876820724517809,8.242235525900854,9.742957379444825,9.313148309576825,7.885859572662208,7.180503900434936,6.65695785988609
98,8.240862579987366,9.735173226829973,9.339299539140265,7.933732356605124,7.20416416181386,6.691661817280409,4.605170185988092,2.4849066497880004,10.292823278714408,7.16703787691222,7.4261918657494626,-0.2613647641344075,8.237570422026995,9.731050084797442,9.31133766761874,7.919348917906897,7.1978095355789735,6.688329807036338
102,8.230379168766856,9.72608490206205,9.333059772599173,7.923576364097775,7.23109885348798,6.6863102843035085,4.584967478670572,2.4849066497880004,10.364671149400635,7.552237287560802,7.461985160355414,-0.31471074483970024,8.240862579987366,9.735173226829973,9.339299539140265,7.933732356605124,7.20416416181386,6.691661817280409
103,8.249496500801838,9.745872631648853,9.352824137263164,7.953690860648232,7.274174591971302,6.7194961295214295,4.804021044733257,2.4849066497880004,10.36227223407451,7.569411792450712,7.474715459291698,-0.2744368457017603,8.230379168766856,9.72608490206205,9.333059772599173,7.923576364097775,7.23109885348798,6.6863102843035085
104,8.242061973114666,9.735871170722637,9.351688195307556,7.931414109969219,7.266506066865208,6.709243362789454,4.6913478822291435,2.302585092994046,10.285956940849976,7.338238150065589,7.470565957814079,-0.2744368457017603,8.249496500801838,9.745872631648853,9.352824137263164,7.953690860648232,7.274174591971302,6.7194961295214295
105,8.243382623245967,9.730430735195613,9.36126594243892,7.9372139689616565,7.291363250734992,6.726497156541379,4.110873864173311,2.3978952727983707,10.104630863570671,7.322510433997394,7.463363045520021,-0.4620354595965587,8.242061973114666,9.735871170722637,9.351688195307556,7.931414109969219,7.266506066865208,6.709243362789454
106,8.253094068952478,9.740369119842805,9.351754105913958,7.963654898040842,7.297761512027756,6.75238719174844,4.0943445622221,2.302585092994046,10.158594779055731,7.785305182539862,7.45807081043454,-0.4942963218147801,8.243382623245967,9.730430735195613,9.36126594243892,7.9372139689616565,7.291363250734992,6.726497156541379
109,8.256725453404998,9.746364304836755,9.363992313168287,7.945612103941051,7.293303353249943,6.752141863211412,5.8916442118257715,7.170119543449628,10.2653838414975,8.767017621311778,7.435142991047106,-0.4307829160924542,8.253094068952478,9.740369119842805,9.351754105913958,7.963654898040842,7.297761512027756,6.75238719174844
110,8.244871843312778,9.732953475626916,9.353033934689238,7.914456936161256,7.270124976984715,6.723543937669715,3.258096538021482,2.302585092994046,10.249273425142691,7.487733761436444,7.445651174270791,-0.4620354595965587,8.256725453404998,9.746364304836755,9.363992313168287,7.945612103941051,7.293303353249943,6.752141863211412
111,8.253067059771896,9.763687679691618,9.368432477029218,7.937128237223357,7.281777878454017,6.736836463129525,3.1780538303479458,2.302585092994046,10.228393152785875,7.501634457883413,7.439676811042861,-0.5447271754416722,8.244871843312778,9.732953475626916,9.353033934689238,7.914456936161256,7.270124976984715,6.723543937669715
112,8.250555458676716,9.766891130361023,9.370931686317025,7.93658867304233,7.2852460622345445,6.743069297239496,3.8066624897703196,2.302585092994046,10.152064905107148,7.679713639966372,7.459569283425439,-0.4620354595965587,8.253067059771896,9.763687679691618,9.368432477029218,7.937128237223357,7.281777878454017,6.736836463129525
113,8.241959212298564,9.768604824411788,9.34945166794426,7.95041078450405,7.3000743554202865,6.755407972099974,3.2188758248682006,2.302585092994046,10.087016713216245,7.85748078694253,7.468284934927243,-0.4942963218147801,8.250555458676716,9.766891130361023,9.370931686317025,7.93658867304233,7.2852460622345445,6.743069297239496
116,8.248730308119843,9.776277764966448,9.361688826377458,7.965017656028499,7.304072001259915,6.765534816922617,2.9444389791664403,2.302585092994046,10.279764123179618,7.783224016336037,7.464910900330734,-0.5108256237659907,8.241959212298564,9.768604824411788,9.34945166794426,7.95041078450405,7.3000743554202865,6.755407972099974
117,8.255606714393656,9.79308860415566,9.361422244971706,7.9597615165683795,7.292725119974534,6.745577467767493,2.5649493574615367,2.3978952727983707,10.386746688084312,7.587817219993427,7.452576450006086,-0.40047756659712525,8.248730308119843,9.776277764966448,9.361688826377458,7.965017656028499,7.304072001259915,6.765534816922617
118,8.260242566721752,9.771698635205105,9.349108385785344,7.9859981797756285,7.3103228599767895,6.748630582552377,2.772588722239781,2.302585092994046,10.282882432911109,7.020190708311925,7.452576450006086,-0.4780358009429998,8.255606714393656,9.79308860415566,9.361422244971706,7.9597615165683795,7.292725119974534,6.745577467767493
119,8.271951566283136,9.76690672654077,9.345491221322506,7.976743063250363,7.318008903822099,6.744824499980115,3.4657359027997265,2.302585092994046,10.023534689845578,7.194436851100335,7.455471981331876,-0.4620354595965587,8.260242566721752,9.771698635205105,9.349108385785344,7.9859981797756285,7.3103228599767895,6.748630582552377
125,8.27798476320547,9.776611722437105,9.365734252994217,7.954519733569065,7.3044016157820835,6.746318117103906,2.6390573296152584,2.302585092994046,9.929496371717178,7.61085279039525,7.4343164471341865,-0.4462871026284195,8.271951566283136,9.76690672654077,9.345491221322506,7.976743063250363,7.318008903822099,6.744824499980115
126,8.275094776352763,9.78800206299815,9.369174973665931,7.965958682233119,7.309981815239784,6.737429484471952,2.4849066497880004,2.302585092994046,9.693383614729722,6.699500340161678,7.430173448783935,-0.3285040669720361,8.27798476320547,9.776611722437105,9.365734252994217,7.954519733569065,7.3044016157820835,6.746318117103906
127,8.284913456990628,9.793152690863534,9.377108803536693,7.98268944029567,7.321988501248801,6.742892428175203,2.5649493574615367,2.302585092994046,10.011310035064874,7.818027938530729,7.454256879200598,-0.4620354595965587,8.275094776352763,9.78800206299815,9.369174973665931,7.965958682233119,7.309981815239784,6.737429484471952
130,8.284044833515084,9.780605177319536,9.366219830889092,7.982866911064652,7.330673852035246,6.767872329285888,2.772588722239781,2.302585092994046,10.004644244495866,7.589841512182657,7.441203080784407,-0.37106368139083207,8.284913456990628,9.793152690863534,9.377108803536693,7.98268944029567,7.321988501248801,6.742892428175203
131,8.284059352950617,9.79023079904197,9.378276773437225,7.962109119726266,7.310282743102959,6.755885329644011,3.4011973816621555,2.302585092994046,10.190619473682428,7.465082736399547,7.438501170183258,-0.31471074483970024,8.284044833515084,9.780605177319536,9.366219830889092,7.982866911064652,7.330673852035246,6.767872329285888
132,8.286081201252815,9.802995394946757,9.39249368128399,7.944492163932159,7.304899195136082,6.752609103813775,2.3978952727983707,2.3978952727983707,10.076474005852402,6.899723107284872,7.4416136018587,-0.37106368139083207,8.284059352950617,9.79023079904197,9.378276773437225,7.962109119726266,7.310282743102959,6.755885329644011
133,8.275177093646537,9.788709379629356,9.383068601267022,7.955951081736231,7.312780290261897,6.759904711703358,2.833213344056216,2.302585092994046,9.8011225458581,6.976348070447749,7.451938306402124,-0.4462871026284195,8.286081201252815,9.802995394946757,9.39249368128399,7.944492163932159,7.304899195136082,6.752609103813775
134,8.27201257280307,9.781821770014542,9.375915071349896,7.9598697739906665,7.326314286601459,6.770709145457393,2.772588722239781,2.302585092994046,9.972733725272942,7.2682230211595655,7.460662903127495,-0.4620354595965587,8.275177093646537,9.788709379629356,9.383068601267022,7.955951081736231,7.312780290261897,6.759904711703358
137,8.27458943767176,9.807699755190702,9.388768057483732,7.990884995464023,7.343503845798765,6.773194785586442,2.70805020110221,2.302585092994046,9.945109227226947,7.444248649496705,7.469711183849735,-0.4462871026284195,8.27201257280307,9.781821770014542,9.375915071349896,7.9598697739906665,7.326314286601459,6.770709145457393
138,8.283051759510172,9.808338554741285,9.396790959245783,7.980345238044597,7.340563143482009,6.759719200154732,2.995732273553991,2.302585092994046,10.372772173357246,7.247080584585756,7.458243825804503,-0.31471074483970024,8.27458943767176,9.807699755190702,9.388768057483732,7.990884995464023,7.343503845798765,6.773194785586442
139,8.27772257603269,9.798522014419957,9.38244733700313,7.996859172462459,7.349256547755161,6.761074959732492,2.772588722239781,2.302585092994046,9.490771217713771,6.561030665896573,7.466284762817138,-0.35667494393873245,8.283051759510172,9.808338554741285,9.396790959245783,7.980345238044597,7.340563143482009,6.759719200154732
140,8.272262744947852,9.796251078367938,9.387618791838701,7.989055236989835,7.344001742679737,6.7529944130291835,2.70805020110221,2.302585092994046,10.103444356875002,6.848005274576363,7.467999440877855,-0.3856624808119846,8.27772257603269,9.798522014419957,9.38244733700313,7.996859172462459,7.349256547755161,6.761074959732492
141,8.249069010432914,9.769921307875709,9.360778503100665,7.9914062025100865,7.341153272776356,6.75213017939875,2.4849066497880004,2.302585092994046,10.057066640464429,7.195937226475569,7.453967351418385,-0.3856624808119846,8.272262744947852,9.796251078367938,9.387618791838701,7.989055236989835,7.344001742679737,6.7529944130291835
145,8.261725318083391,9.795148243564352,9.394218508338001,8.003620464481836,7.341503294818355,6.743458299101001,3.1354942159291497,2.302585092994046,10.034384227337895,7.2485040723706105,7.458589766767363,-0.4155154439616658,8.249069010432914,9.769921307875709,9.360778503100665,7.9914062025100865,7.341153272776356,6.75213017939875
146,8.254688427079103,9.785212665315592,9.374930077935659,8.018338957098134,7.350573973631651,6.748982265947168,2.833213344056216,2.302585092994046,9.633186877915122,6.4457198193855785,7.4402641135792695,-0.37106368139083207,8.261725318083391,9.795148243564352,9.394218508338001,8.003620464481836,7.341503294818355,6.743458299101001
147,8.257549646432604,9.781292663953229,9.362847384579409,8.016228785622088,7.346313389756091,6.760657998677563,2.3978952727983707,2.302585092994046,10.122462426978117,6.396929655216146,7.443136920644015,-0.3856624808119846,8.254688427079103,9.785212665315592,9.374930077935659,8.018338957098134,7.350573973631651,6.748982265947168
148,8.260240291072103,9.796564739349026,9.38110554356852,8.021029553480894,7.358282977560537,6.777168119275631,2.5649493574615367,2.302585092994046,9.703327837612294,6.659293919683638,7.456685608781673,-0.35667494393873245,8.257549646432604,9.781292663953229,9.362847384579409,8.016228785622088,7.346313389756091,6.760657998677563
151,8.286858898577279,9.822160011901442,9.400060996365953,8.02477379559791,7.363564898191971,6.7621628724364315,2.302585092994046,2.302585092994046,9.884100838735938,7.261927092702751,7.463363045520021,-0.4307829160924542,8.260240291072103,9.796564739349026,9.38110554356852,8.021029553480894,7.358282977560537,6.777168119275631
152,8.289933103780813,9.816139997226717,9.387272867160691,8.032951074299934,7.369865335796254,6.768837979795468,3.332204510175204,2.302585092994046,10.06441521664241,6.828712071641684,7.46782810531674,-0.4155154439616658,8.286858898577279,9.822160011901442,9.400060996365953,8.02477379559791,7.363564898191971,6.7621628724364315
153,8.28995318607958,9.810733814248849,9.395273282881838,8.046507729775616,7.373185968257736,6.7672510611887295,2.9444389791664403,2.302585092994046,10.17068626604651,6.555356891810665,7.458243825804503,-0.3856624808119846,8.289933103780813,9.816139997226717,9.387272867160691,8.032951074299934,7.369865335796254,6.768837979795468
154,8.28958596772259,9.818606700728708,9.401348491107134,8.04313334684057,7.364667336339006,6.763064710860371,2.70805020110221,2.302585092994046,9.595738817934032,6.647688373563329,7.44020539884479,-0.2613647641344075,8.28995318607958,9.810733814248849,9.395273282881838,8.046507729775616,7.373185968257736,6.7672510611887295
155,8.294362316213757,9.817395218551615,9.406337433003314,8.069007412442122,7.378190065266317,6.765062044565228,2.3978952727983707,2.302585092994046,10.1226230824528,6.959398512133975,7.450486463759112,-0.19845093872383832,8.28958596772259,9.818606700728708,9.401348491107134,8.04313334684057,7.364667336339006,6.763064710860371
158,8.299523356943025,9.8231050884019,9.397564748616112,8.080977080677982,7.38736883461536,6.770617390763503,3.044522437723423,2.302585092994046,9.588297240667746,6.727431724850855,7.431595839825622,-0.09431067947124129,8.294362316213757,9.817395218551615,9.406337433003314,8.069007412442122,7.378190065266317,6.765062044565228
159,8.30573838478047,9.83155943814977,9.41658272326033,8.073147325339784,7.39661132931913,6.765776882085436,2.70805020110221,2.302585092994046,10.272565263191902,6.576469569048224,7.441496327318869,-0.12783337150988489,8.299523356943025,9.8231050884019,9.397564748616112,8.080977080677982,7.38736883461536,6.770617390763503
160,8.303926973241422,9.829729036238673,9.43280762265066,8.067820081963212,7.3993002192156005,6.76915965619179,2.6390573296152584,2.302585092994046,9.790206866077162,6.182084906716632,7.449963283976796,-0.1743533871447778,8.30573838478047,9.83155943814977,9.41658272326033,8.073147325339784,7.39661132931913,6.765776882085436
161,8.293020260472563,9.809059107889082,9.423512525735322,8.00706732276452,7.363222514947651,6.717151519235709,2.5649493574615367,2.302585092994046,9.772581282688328,6.327936783729195,7.466170346341041,-0.2876820724517809,8.303926973241422,9.829729036238673,9.43280762265066,8.067820081963212,7.3993002192156005,6.76915965619179
162,8.294820068246034,9.81591894577737,9.43558232809823,8.020043622633086,7.360695401114489,6.720594029746931,3.044522437723423,2.302585092994046,9.755277525370941,7.1049654482698426,7.458128485550628,-0.4155154439616658,8.293020260472563,9.809059107889082,9.423512525735322,8.00706732276452,7.363222514947651,6.717151519235709
165,8.282732921916722,9.808301715500921,9.446002138463108,8.028321474056517,7.3691973625659655,6.71799814668556,2.833213344056216,2.302585092994046,9.919606934416011,6.7357800142423265,7.460087462899854,-0.342490308946776,8.294820068246034,9.81591894577737,9.43558232809823,8.020043622633086,7.360695401114489,6.720594029746931
166,8.297685572082885,9.818846030674795,9.465727661552476,8.04710635870919,7.391217927912029,6.746376875308036,4.07753744390572,2.302585092994046,10.139507841664017,6.486160788944089,7.456974350734997,-0.342490308946776,8.282732921916722,9.808301715500921,9.446002138463108,8.028321474056517,7.3691973625659655,6.71799814668556
167,8.298438519863812,9.821005804904766,9.489840505971863,8.043499562487852,7.396482522225975,6.745248114121041,4.007333185232471,2.302585092994046,9.988012507605816,5.945420608606575,7.458705053832282,-0.2876820724517809,8.297685572082885,9.818846030674795,9.465727661552476,8.04710635870919,7.391217927912029,6.746376875308036
168,8.305084580573276,9.828454249318714,9.47370167000971,8.044093574542893,7.395758440336271,6.744271177973802,3.9889840465642745,2.302585092994046,9.826822467600643,6.226536669287466,7.4590508353018405,-0.3011050927839216,8.298438519863812,9.821005804904766,9.489840505971863,8.043499562487852,7.396482522225975,6.745248114121041
169,8.318427447048741,9.852287685363066,9.498274590136562,8.038428092341928,7.3985842966392745,6.7625907689845155,3.828641396489095,2.302585092994046,10.237492462093485,6.595780513961311,7.455818882352932,-0.342490308946776,8.305084580573276,9.828454249318714,9.47370167000971,8.044093574542893,7.395758440336271,6.744271177973802
172,8.319241128233301,9.849242052041722,9.501089149776531,8.044902148032367,7.411163461420266,6.758048045741109,3.8501476017100584,2.302585092994046,10.049706862037105,6.659293919683638,7.470907662925895,-0.35667494393873245,8.318427447048741,9.852287685363066,9.498274590136562,8.038428092341928,7.3985842966392745,6.7625907689845155
173,8.32404388150676,9.863590229333884,9.52102470478739,8.049200339202681,7.419146742630542,6.758883972042515,3.4339872044851463,2.302585092994046,10.384647468346362,6.342121418721152,7.47550929013402,-0.342490308946776,8.319241128233301,9.849242052041722,9.501089149776531,8.044902148032367,7.411163461420266,6.758048045741109
174,8.328206954900866,9.863778318876133,9.513225436070838,8.023005060469925,7.40326216776496,6.7406611935189495,4.127134385045092,2.302585092994046,10.22502742570653,5.762051382780177,7.486445137564258,-0.3285040669720361,8.32404388150676,9.863590229333884,9.52102470478739,8.049200339202681,7.419146742630542,6.758883972042515
179,8.321109302676414,9.869127933894825,9.521880140279654,8.023958600847276,7.394732783472878,6.7415235833371305,3.6375861597263857,2.3978952727983707,10.185993753243844,6.040254711277414,7.479807696164023,-0.37106368139083207,8.328206954900866,9.863778318876133,9.513225436070838,8.023005060469925,7.40326216776496,6.7406611935189495
180,8.33422271211761,9.883236231792097,9.538889309141537,8.039250934484956,7.411810032050416,6.757443886317597,3.1780538303479458,2.302585092994046,10.705264897621522,6.248042874508429,7.486669365380657,-0.4462871026284195,8.321109302676414,9.869127933894825,9.521880140279654,8.023958600847276,7.394732783472878,6.7415235833371305
181,8.354152596462932,9.91386831549258,9.523597292124716,8.04426047658462,7.434936419107694,6.765534816922617,3.4965075614664802,2.302585092994046,10.621766273733678,6.796823718274855,7.494485830837592,-0.4155154439616658,8.33422271211761,9.883236231792097,9.538889309141537,8.039250934484956,7.411810032050416,6.757443886317597
182,8.37467167993028,9.93016952649776,9.517453951396925,8.048791478417273,7.436181106489108,6.772038643309411,2.70805020110221,2.302585092994046,10.484780959571744,5.940171252720432,7.48397530751279,-0.37106368139083207,8.354152596462932,9.91386831549258,9.523597292124716,8.04426047658462,7.434936419107694,6.765534816922617
186,8.448934671655614,9.962591762641644,9.53336531190881,8.064548421583101,7.466439204296995,6.781137077944371,3.713572066704308,2.302585092994046,10.682032308608301,6.345636360828596,7.488293515159428,-0.3856624808119846,8.37467167993028,9.93016952649776,9.517453951396925,8.048791478417273,7.436181106489108,6.772038643309411
187,8.454919069922909,9.984571674672408,9.556906740991815,8.053670912766114,7.4581803903111705,6.779626409271504,3.1780538303479458,2.302585092994046,10.954239244852738,5.2574953720277815,7.492203042618741,-0.37106368139083207,8.448934671655614,9.962591762641644,9.53336531190881,8.064548421583101,7.466439204296995,6.781137077944371
188,8.470940686663784,9.992150913831315,9.558967064451275,8.061467939247406,7.471340321849403,6.779569572682367,3.5553480614894135,2.302585092994046,10.685011843713486,5.501258210544727,7.49969995403292,-0.4307829160924542,8.454919069922909,9.984571674672408,9.556906740991815,8.053670912766114,7.4581803903111705,6.779626409271504
189,8.484829325860568,10.009888874866727,9.592649320378829,8.055808313796117,7.486495593206751,6.772931623173669,3.4339872044851463,2.302585092994046,10.74082165340857,5.799092654460526,7.50538225768467,-0.40047756659712525,8.470940686663784,9.992150913831315,9.558967064451275,8.061467939247406,7.471340321849403,6.779569572682367
190,8.466559321665725,10.01231307810744,9.605565153119704,8.066220126797104,7.500429977957032,6.768125327895745,3.7612001156935624,2.302585092994046,10.825223432646178,6.84587987526405,7.499810597980809,-0.4780358009429998,8.484829325860568,10.009888874866727,9.592649320378829,8.055808313796117,7.486495593206751,6.772931623173669
193,8.48734435431865,10.05346435814246,9.644996337619887,8.05681350313062,7.479051159709745,6.773206225859636,4.02535169073515,2.302585092994046,11.076588693194976,6.90875477931522,7.49654144421734,-0.4307829160924542,8.466559321665725,10.01231307810744,9.605565153119704,8.066220126797104,7.500429977957032,6.768125327895745
194,8.477764018136654,10.054128696856015,9.644338150855031,8.070130788320066,7.484469761768991,6.788487391478677,4.02535169073515,2.302585092994046,11.040983959254204,6.82001636467413,7.498260467570203,-0.4462871026284195,8.48734435431865,10.05346435814246,9.644996337619887,8.05681350313062,7.479051159709745,6.773206225859636
195,8.464734734279606,10.064951778779916,9.652390922678281,8.07917183320485,7.479576279355922,6.800348226150524,4.174387269895637,2.3978952727983707,11.004147742821537,5.7745515455444085,7.502683052035622,-0.4620354595965587,8.477764018136654,10.054128696856015,9.644338150855031,8.070130788320066,7.484469761768991,6.788487391478677
196,8.415437991014048,9.984162987687716,9.581877934967391,8.07575991489169,7.480439586326434,6.798676748955898,4.1588830833596715,2.302585092994046,10.980705948516565,5.883322388488279,7.502683052035622,-0.4462871026284195,8.464734734279606,10.064951778779916,9.652390922678281,8.07917183320485,7.479576279355922,6.800348226150524
197,8.421717151857944,10.004570849421475,9.595825530267458,8.078604504794848,7.470298207230692,6.810517242054884,3.4011973816621555,2.4849066497880004,11.014044880972106,6.638567789166521,7.493706927938526,-0.4780358009429998,8.415437991014048,9.984162987687716,9.581877934967391,8.07575991489169,7.480439586326434,6.798676748955898
200,8.451118472263811,10.003919177142944,9.59226817836529,8.086976268965312,7.504865015345107,6.814202553949085,4.477336814478207,2.302585092994046,11.115056433483693,6.862757913051401,7.502186486602924,-0.4462871026284195,8.421717151857944,10.004570849421475,9.595825530267458,8.078604504794848,7.470298207230692,6.810517242054884
201,8.453410118189357,10.019836849769492,9.626878513804066,8.088653910337472,7.499301534425405,6.80434840927026,4.948759890378168,2.302585092994046,11.112044832078169,6.787844982309579,7.506042178518122,-0.4780358009429998,8.451118472263811,10.003919177142944,9.59226817836529,8.086976268965312,7.504865015345107,6.814202553949085
202,8.45838656354691,10.0327921241003,9.63957699867916,8.094384549960429,7.499832725301412,6.809513807136062,4.543294782270004,2.302585092994046,11.047678504815401,6.226536669287466,7.519258470501572,-0.4942963218147801,8.453410118189357,10.019836849769492,9.626878513804066,8.088653910337472,7.499301534425405,6.80434840927026
203,8.457960187100845,10.03421108430634,9.662942157362542,8.081988204673188,7.478644426001731,6.800158932382734,4.430816798843313,2.4849066497880004,10.955811544752127,6.180016653652572,7.5341214258517315,-0.5108256237659907,8.45838656354691,10.0327921241003,9.63957699867916,8.094384549960429,7.499832725301412,6.809513807136062
204,8.413074260228878,9.994250801609862,9.600149928968342,8.075778573928883,7.482034460525755,6.783596964352348,4.976733742420574,2.302585092994046,11.049921282344737,6.9584483932976555,7.541470875772656,-0.527632742082372,8.457960187100845,10.03421108430634,9.662942157362542,8.081988204673188,7.478644426001731,6.800158932382734
207,8.418134996570434,10.005744827118262,9.618931874482987,8.08314649343895,7.492464992699242,6.795895913695592,5.003946305945459,2.3978952727983707,11.151252336606678,6.988413181999592,7.549767047427312,-0.527632742082372,8.413074260228878,9.994250801609862,9.600149928968342,8.075778573928883,7.482034460525755,6.783596964352348
208,8.426887142040082,10.036811384246374,9.621139183896526,8.076652049094264,7.481809190905226,6.7970694981243795,5.293304824724492,2.302585092994046,11.066294553246234,6.844815479208263,7.569153761227502,-0.4780358009429998,8.418134996570434,10.005744827118262,9.618931874482987,8.08314649343895,7.492464992699242,6.795895913695592
209,8.450841400631798,10.047286288260127,9.659061444495201,8.089003832222517,7.489987658470893,6.794160958397208,5.424950017481403,2.6390573296152584,11.026922526635584,6.419994928147142,7.575943561500887,-0.527632742082372,8.426887142040082,10.036811384246374,9.621139183896526,8.076652049094264,7.481809190905226,6.7970694981243795
210,8.445944334248999,10.053394795994578,9.664013563766686,8.085246521501833,7.49330611294268,6.788904173141812,5.402677381872279,2.3978952727983707,10.897331742625349,7.028201432058005,7.582993038998515,-0.5447271754416722,8.450841400631798,10.047286288260127,9.659061444495201,8.089003832222517,7.489987658470893,6.794160958397208
211,8.45426323184954,10.0565868856063,9.67926129030193,8.092887712894205,7.508693964536337,6.781556933724406,5.4510384535657,2.3978952727983707,10.996065001467814,7.0909098220799835,7.574250428544656,-0.5978370007556204,8.445944334248999,10.053394795994578,9.664013563766686,8.085246521501833,7.49330611294268,6.788904173141812
214,8.470376346970127,10.06839478551531,9.702058421200855,8.10004307877811,7.506053173509904,6.798252864156976,5.655991810819852,2.3978952727983707,11.088522155841813,7.261225091971921,7.597897950521784,-0.5978370007556204,8.45426323184954,10.0565868856063,9.67926129030193,8.092887712894205,7.508693964536337,6.781556933724406
215,8.471317280682191,10.064551313289236,9.694330618370198,8.103648531456129,7.517586065867774,6.793600652679757,5.117993812416755,2.4849066497880004,10.97503692165455,7.036148493750536,7.597396320212795,-0.579818495252942,8.470376346970127,10.06839478551531,9.702058421200855,8.10004307877811,7.506053173509904,6.798252864156976
216,8.471590809864473,10.07660629722348,9.710315072837696,8.11005768897593,7.525963372877588,6.793230678853988,4.820281565605037,2.5649493574615367,10.762000855490614,6.171700597410915,7.619282506823512,-0.6539264674066639,8.471317280682191,10.064551313289236,9.694330618370198,8.103648531456129,7.517586065867774,6.793600652679757
217,8.468583492961889,10.055478866896722,9.688254970574475,8.116464847108354,7.53143983488124,6.790175972571541,4.77912349311153,2.6390573296152584,10.802855905214333,6.601230118728877,7.627057417018934,-0.5978370007556204,8.471590809864473,10.07660629722348,9.710315072837696,8.11005768897593,7.525963372877588,6.793230678853988
218,8.457002792811258,10.045300676755254,9.673706710560287,8.117097641393727,7.524696133536829,6.790367165333791,4.882801922586371,2.3978952727983707,10.81253209407131,7.010311867307229,7.63781281356218,-0.5978370007556204,8.468583492961889,10.055478866896722,9.688254970574475,8.116464847108354,7.53143983488124,6.790175972571541
221,8.460595262828022,10.04605174754001,9.674721304698883,8.119836124127202,7.5246475690229095,6.784694590986637,4.962844630259907,2.5649493574615367,10.885247622203586,7.183111701743281,7.623690821172514,-0.5621189181535413,8.457002792811258,10.045300676755254,9.673706710560287,8.117097641393727,7.524696133536829,6.790367165333791
222,8.45143444877779,10.04902701632419,9.659799405109942,8.111835077583981,7.510758909689116,6.775537309154428,4.875197323201151,2.70805020110221,10.894941413975292,6.974478911025045,7.619380680787855,-0.527632742082372,8.460595262828022,10.04605174754001,9.674721304698883,8.119836124127202,7.5246475690229095,6.784694590986637
223,8.444115832613466,10.033794366164445,9.627061677394593,8.125734533411961,7.530356597074356,6.793163396177009,4.812184355372417,2.5649493574615367,10.778414476468976,6.342121418721152,7.561017525843168,-0.4462871026284195,8.45143444877779,10.04902701632419,9.659799405109942,8.111835077583981,7.510758909689116,6.775537309154428
224,8.441545209440493,10.038906495116862,9.610116521938165,8.12368530988925,7.529846747576246,6.789106868997376,4.2626798770413155,2.5649493574615367,10.594231848479764,6.340359303727752,7.563304429126764,-0.37106368139083207,8.444115832613466,10.033794366164445,9.627061677394593,8.125734533411961,7.530356597074356,6.793163396177009
225,8.456302154114349,10.055150049401979,9.619295854966044,8.123513363275285,7.530372693351555,6.787326245759725,4.5217885770490405,2.70805020110221,10.911463720944793,7.1276936993473985,7.582432943258421,-0.342490308946776,8.441545209440493,10.038906495116862,9.610116521938165,8.12368530988925,7.529846747576246,6.789106868997376
228,8.479538280554475,10.068872686044005,9.631707254033499,8.126219572623876,7.543734045652133,6.7981524440661785,4.6913478822291435,2.5649493574615367,10.931623727399913,7.310550158534422,7.57748028959759,-0.342490308946776,8.456302154114349,10.055150049401979,9.619295854966044,8.123513363275285,7.530372693351555,6.787326245759725
229,8.4790252550989,10.080720559592885,9.645660342055756,8.128520301513449,7.558787963434735,6.7970694981243795,4.68213122712422,2.302585092994046,10.90384365952795,7.050989447068045,7.597747487848781,-0.37106368139083207,8.479538280554475,10.068872686044005,9.631707254033499,8.126219572623876,7.543734045652133,6.7981524440661785
230,8.463935526810964,10.078341143358186,9.616871331862479,8.124106157874502,7.549703897509386,6.790063489162725,4.343805421853684,2.302585092994046,10.623349689613647,6.498282149476434,7.606039243647235,-0.40047756659712525,8.4790252550989,10.080720559592885,9.645660342055756,8.128520301513449,7.558787963434735,6.7970694981243795
231,8.450872688825731,10.059512630295778,9.611257634292976,8.127259838694783,7.55177523857539,6.789140647645895,4.1588830833596715,2.4849066497880004,10.574772486238938,6.251903883165888,7.567449083282863,-0.3856624808119846,8.463935526810964,10.078341143358186,9.616871331862479,8.124106157874502,7.549703897509386,6.790063489162725
232,8.45931894260403,10.074950652421908,9.619869616947383,8.130695067434086,7.553055850084863,6.788532457331161,3.7612001156935624,2.3978952727983707,10.543181212361983,7.040536390215956,7.578452330704491,-0.4307829160924542,8.450872688825731,10.059512630295778,9.611257634292976,8.127259838694783,7.55177523857539,6.789140647645895
235,8.467130528964173,10.091888831971893,9.624142424320409,8.140688648389018,7.560122130820463,6.783947883254065,3.912023005428146,2.5649493574615367,10.742227469391723,7.246368080102461,7.574250428544656,-0.4462871026284195,8.45931894260403,10.074950652421908,9.619869616947383,8.130695067434086,7.553055850084863,6.788532457331161
236,8.468412674200273,10.104541854866302,9.62665640857802,8.144278522642413,7.564824403066273,6.790175972571541,3.9318256327243257,2.3978952727983707,10.713439512638157,6.914730892718563,7.568430919395119,-0.4307829160924542,8.467130528964173,10.091888831971893,9.624142424320409,8.140688648389018,7.560122130820463,6.783947883254065
237,8.456621235712918,10.100670590913921,9.62360415785736,8.154422563632053,7.588885544774601,6.790063489162725,3.4965075614664802,2.302585092994046,10.53940278714094,6.363028103540465,7.567810924541883,-0.37106368139083207,8.468412674200273,10.104541854866302,9.62665640857802,8.144278522642413,7.564824403066273,6.790175972571541
238,8.46196481738005,10.115505952205393,9.632591273728915,8.156094190036637,7.580541576450129,6.791682030805727,3.784189633918261,2.3978952727983707,10.401015148158129,5.986452005284438,7.581974449656563,-0.37106368139083207,8.456621235712918,10.100670590913921,9.62360415785736,8.154422563632053,7.588885544774601,6.790063489162725
239,8.48555085131639,10.146743232265711,9.664961932717524,8.16280420411515,7.582010117810256,6.791659568990811,3.7376696182833684,2.3978952727983707,10.519753688760115,7.039660349862076,7.5684825682859715,-0.3011050927839216,8.46196481738005,10.115505952205393,9.632591273728915,8.156094190036637,7.580541576450129,6.791682030805727
242,8.479743691138912,10.149686716799824,9.657803454868683,8.16060681498386,7.5865702422318195,6.799011267976423,3.6888794541139363,2.4849066497880004,10.725335728111807,7.122059881629142,7.587107748519893,-0.3011050927839216,8.48555085131639,10.146743232265711,9.664961932717524,8.16280420411515,7.582010117810256,6.791659568990811
243,8.485108395336807,10.148768110244614,9.65698848463264,8.168103690835093,7.603055140860158,6.783053362979959,3.7376696182833684,2.3978952727983707,10.691785809335006,6.917705609835305,7.587766560148942,-0.3285040669720361,8.479743691138912,10.149686716799824,9.657803454868683,8.16060681498386,7.5865702422318195,6.799011267976423
244,8.485472776572644,10.152571141009897,9.65946417695735,8.183352688743328,7.61218853155905,6.801216291421215,3.367295829986474,2.3978952727983707,10.520779080792538,6.180016653652572,7.589133475942083,-0.3856624808119846,8.485108395336807,10.148768110244614,9.65698848463264,8.168103690835093,7.603055140860158,6.783053362979959
245,8.479926369773105,10.14618248782285,9.655729490737748,8.147595102187015,7.572425821549533,6.7730574920985145,3.4011973816621555,2.3978952727983707,10.367787446365185,6.07073772800249,7.575071699507561,-0.4155154439616658,8.485472776572644,10.152571141009897,9.65946417695735,8.183352688743328,7.61218853155905,6.801216291421215
246,8.470147494778152,10.122715218770367,9.640240446478657,8.13942884979015,7.555617395326398,6.769320455594881,3.4011973816621555,2.5649493574615367,10.661298246421795,6.942156705699469,7.569102146992285,-0.4620354595965587,8.479926369773105,10.14618248782285,9.655729490737748,8.147595102187015,7.572425821549533,6.7730574920985145
250,8.45412332993657,10.07614747317559,9.607378660631428,8.11127998292609,7.527697156782808,6.750750530171972,3.7612001156935624,2.3978952727983707,10.581825617442366,6.921658184151129,7.570907062006682,-0.3285040669720361,8.470147494778152,10.122715218770367,9.640240446478657,8.13942884979015,7.555617395326398,6.769320455594881
251,8.430455675105167,10.046307765803782,9.560466877618069,8.131224781459762,7.551407547095911,6.766733042770225,3.4657359027997265,2.4849066497880004,10.41918130769898,6.156978985585555,7.569721342058507,-0.37106368139083207,8.45412332993657,10.07614747317559,9.607378660631428,8.11127998292609,7.527697156782808,6.750750530171972
252,8.42988595248196,10.053734981725048,9.558483339900796,8.113483541589176,7.528788651566774,6.748677480818323,2.9444389791664403,2.3978952727983707,10.16681289348317,5.187385805840755,7.578094320216074,-0.342490308946776,8.430455675105167,10.046307765803782,9.560466877618069,8.131224781459762,7.551407547095911,6.766733042770225
253,8.439725063333253,10.067641583027386,9.576321562162397,8.11401646296894,7.522994970665557,6.756595123077386,3.1354942159291497,2.302585092994046,10.052510823928568,6.100318952020064,7.577992007958977,-0.3856624808119846,8.42988595248196,10.053734981725048,9.558483339900796,8.113483541589176,7.528788651566774,6.748677480818323
256,8.444848430046214,10.070544220657496,9.565569282912957,8.12667777768013,7.526308215331111,6.776780615139304,3.6375861597263857,2.302585092994046,10.373428679828658,7.01301578963963,7.574609817587159,-0.40047756659712525,8.439725063333253,10.067641583027386,9.576321562162397,8.11401646296894,7.522994970665557,6.756595123077386
257,8.452864269644518,10.07642393941005,9.578133872047923,8.131883589511638,7.540499375684302,6.781590968360324,3.6635616461296463,2.302585092994046,10.60002896616409,6.70073110954781,7.58340018440594,-0.3856624808119846,8.444848430046214,10.070544220657496,9.565569282912957,8.12667777768013,7.526308215331111,6.776780615139304
258,8.446203699437087,10.06010349111439,9.560906922609126,8.127253931147893,7.526340538215178,6.778557340510455,3.4965075614664802,2.3978952727983707,10.468431975189615,6.248042874508429,7.581668670426783,-0.3856624808119846,8.452864269644518,10.07642393941005,9.578133872047923,8.131883589511638,7.540499375684302,6.781590968360324
259,8.440898195622657,10.040252944517903,9.544691295918069,8.118805975825762,7.510928516666388,6.775251929169043,3.258096538021482,2.3978952727983707,10.4376683094997,5.953243334287785,7.584366490901983,-0.37106368139083207,8.446203699437087,10.06010349111439,9.560906922609126,8.127253931147893,7.526340538215178,6.778557340510455
260,8.463178027679835,10.056520217617747,9.559244955708161,8.107560410612727,7.499412222462355,6.777179514183247,3.367295829986474,2.302585092994046,10.436700695179749,6.856461984594587,7.5764048279416825,-0.37106368139083207,8.440898195622657,10.040252944517903,9.544691295918069,8.118805975825762,7.510928516666388,6.775251929169043
263,8.453492314023835,10.042681450996191,9.552644448882848,8.095921819901484,7.499616963037395,6.756792844627935,3.9889840465642745,2.302585092994046,10.616559901903344,7.101675971619444,7.579219064710923,-0.35667494393873245,8.463178027679835,10.056520217617747,9.559244955708161,8.107560410612727,7.499412222462355,6.777179514183247
264,8.441555606924888,10.034903972055952,9.550829480155771,8.106384833540353,7.529444051115338,6.7602988095142615,3.828641396489095,2.302585092994046,10.638376304675711,6.495265555937008,7.558777533241411,-0.3856624808119846,8.453492314023835,10.042681450996191,9.552644448882848,8.095921819901484,7.499616963037395,6.756792844627935
265,8.445122867999398,10.03730023309549,9.57931650805972,8.08237753937926,7.498980469816699,6.753052780264169,3.1780538303479458,2.302585092994046,10.512600737486064,5.631211781821365,7.551869765964771,-0.3856624808119846,8.441555606924888,10.034903972055952,9.550829480155771,8.106384833540353,7.529444051115338,6.7602988095142615
266,8.425749979245836,10.020356526120587,9.562363612498949,8.085360493726618,7.501292046975937,6.748384330564994,3.332204510175204,2.302585092994046,10.575283407185038,6.0867747269123065,7.531873873131646,-0.3856624808119846,8.445122867999398,10.03730023309549,9.57931650805972,8.08237753937926,7.498980469816699,6.753052780264169
267,8.427273210354105,10.024375017793917,9.564911299022933,8.101210971865127,7.517009850499497,6.761167594139294,2.995732273553991,2.3978952727983707,10.803364309142028,6.705639094860003,7.534709236807283,-0.40047756659712525,8.425749979245836,10.020356526120587,9.562363612498949,8.085360493726618,7.501292046975937,6.748384330564994
270,8.429870893368392,10.026966367511708,9.548461255974011,8.117193122739131,7.537430036586509,6.768562174787859,3.2188758248682006,2.302585092994046,10.597958856058204,7.034387929915503,7.530640926501416,-0.4155154439616658,8.427273210354105,10.024375017793917,9.564911299022933,8.101210971865127,7.517009850499497,6.761167594139294
271,8.432027230598255,10.033911127770123,9.557318096496346,8.112368877955323,7.53214170397129,6.766848181166705,3.6109179126442243,2.302585092994046,10.798922302530906,6.7580945044277305,7.542266484057125,-0.40047756659712525,8.429870893368392,10.026966367511708,9.548461255974011,8.117193122739131,7.537430036586509,6.768562174787859
272,8.431067669214096,10.037145074705986,9.563981687112566,8.12058871174027,7.540345335447625,6.77714532907086,3.5553480614894135,2.302585092994046,10.469568113011716,5.707110264748875,7.551186867296149,-0.4155154439616658,8.432027230598255,10.033911127770123,9.557318096496346,8.112368877955323,7.53214170397129,6.766848181166705
281,8.451297205339898,10.056932892240946,9.589965847084175,8.153962519862278,7.5823463550134855,6.794116145491083,3.4965075614664802,2.302585092994046,10.395069192935358,5.579729825986222,7.544808185187174,-0.37106368139083207,8.431067669214096,10.037145074705986,9.563981687112566,8.12058871174027,7.540345335447625,6.77714532907086
285,8.48450490343841,10.107921542459897,9.630686677115463,8.163921022893499,7.611293287421594,6.7930512483211585,3.912023005428146,2.302585092994046,10.867958738935036,6.8001700683022,7.568534214509352,-0.23572233352106983,8.451297205339898,10.056932892240946,9.589965847084175,8.153962519862278,7.5823463550134855,6.794116145491083
286,8.477849707526937,10.099870918704164,9.625074516202684,8.157275853738458,7.595045340057684,6.784705900453226,3.58351893845611,2.302585092994046,10.721834640080157,6.208590026096629,7.546710230458656,-0.3011050927839216,8.48450490343841,10.107921542459897,9.630686677115463,8.163921022893499,7.611293287421594,6.7930512483211585
287,8.47610784972316,10.090761330980236,9.616998907666272,8.155746882598613,7.595321917240824,6.767826322660926,3.6375861597263857,2.302585092994046,10.743285933421767,5.84354441703136,7.552499720313915,-0.31471074483970024,8.477849707526937,10.099870918704164,9.625074516202684,8.157275853738458,7.595045340057684,6.784705900453226
288,8.47463552482163,10.082661214069251,9.620026246770003,8.155881801468084,7.5852404480524145,6.776256105714616,3.091042453358316,2.302585092994046,10.743307523067372,6.6240652277998935,7.556375694158608,-0.3011050927839216,8.47610784972316,10.090761330980236,9.616998907666272,8.155746882598613,7.595321917240824,6.767826322660926
291,8.467054577496956,10.067959519863319,9.593997198808223,8.13941717756945,7.569535623792582,6.758756306294481,3.8501476017100584,2.302585092994046,10.987256894334463,6.733401891837359,7.5511343173079615,-0.2744368457017603,8.47463552482163,10.082661214069251,9.620026246770003,8.155881801468084,7.5852404480524145,6.776256105714616
292,8.475009269894286,10.090808043811048,9.603757831062884,8.144133316056749,7.572276621953638,6.757199795351819,3.295836866004329,2.302585092994046,10.868911246960494,6.393590753950631,7.553234165840581,-0.2484613592984996,8.467054577496956,10.067959519863319,9.593997198808223,8.13941717756945,7.569535623792582,6.758756306294481
293,8.474875996307158,10.089125549690575,9.6015584108577,8.141935219025363,7.5602419103221665,6.747246093301543,3.8918202981106265,2.302585092994046,10.744796084076594,6.1779441140506,7.554544335563933,-0.21072103131565253,8.475009269894286,10.090808043811048,9.603757831062884,8.144133316056749,7.572276621953638,6.757199795351819
294,8.471774083845332,10.089473034783401,9.585286985618833,8.14714059291169,7.555444736617299,6.758001584895978,3.367295829986474,2.302585092994046,10.98576718658334,6.253828811575473,7.564082861403546,-0.18632957819149348,8.474875996307158,10.089125549690575,9.6015584108577,8.141935219025363,7.5602419103221665,6.747246093301543
295,8.459243709470288,10.063826958346786,9.55203575135015,8.15058045940282,7.562618907116474,6.760136552754173,3.4965075614664802,2.302585092994046,11.004846066872263,6.763884908562435,7.553024379297619,-0.13926206733350766,8.471774083845332,10.089473034783401,9.585286985618833,8.14714059291169,7.555444736617299,6.758001584895978
298,8.45345134484919,10.056859444901425,9.560456076057854,8.131815964033272,7.552741097635064,6.750001448931861,3.7612001156935624,2.302585092994046,11.056761622530754,6.98100574072173,7.5513970396382435,-0.16251892949777494,8.459243709470288,10.063826958346786,9.55203575135015,8.15058045940282,7.562618907116474,6.760136552754173
299,8.455164414234915,10.064046129297463,9.583201438003046,8.12878577022952,7.561522133651366,6.743104667298745,3.58351893845611,2.302585092994046,11.32220069991152,6.7226297948554485,7.551974785918659,-0.21072103131565253,8.45345134484919,10.056859444901425,9.560456076057854,8.131815964033272,7.552741097635064,6.750001448931861
300,8.46321667936509,10.084036756306615,9.587108018782168,8.09286019900351,7.532741384873362,6.713684975153634,3.5263605246161616,2.302585092994046,11.040903800861177,5.942799375126701,7.554858521040676,-0.23572233352106983,8.455164414234915,10.064046129297463,9.583201438003046,8.12878577022952,7.561522133651366,6.743104667298745
301,8.470713514015365,10.105411324388209,9.605485660111814,8.104736700447315,7.541677794828251,6.713952059444596,4.04305126783455,2.302585092994046,11.053347301208076,6.192362489474872,7.537643119902891,-0.23572233352106983,8.46321667936509,10.084036756306615,9.587108018782168,8.09286019900351,7.532741384873362,6.713684975153634
302,8.454324486026707,10.073073116454037,9.586031790156097,8.092533031400581,7.507217957607135,6.710693618666428,4.07753744390572,2.302585092994046,11.18514335954345,6.807934943699926,7.532570084165258,-0.16251892949777494,8.470713514015365,10.105411324388209,9.605485660111814,8.104736700447315,7.541677794828251,6.713952059444596
305,8.459740185953143,10.074735206881686,9.57732090444868,8.104775973295434,7.51171599148328,6.7245173024038145,3.713572066704308,2.302585092994046,11.294694825516663,6.974478911025045,7.53838855415284,-0.12783337150988489,8.454324486026707,10.073073116454037,9.586031790156097,8.092533031400581,7.507217957607135,6.710693618666428
306,8.471685402354748,10.08576222073083,9.58938974310081,8.122418734116192,7.531316555102988,6.731030033585108,3.784189633918261,2.302585092994046,11.294632629886507,6.71295620067707,7.5477653611289535,-0.13926206733350766,8.459740185953143,10.074735206881686,9.57732090444868,8.104775973295434,7.51171599148328,6.7245173024038145
307,8.479212240639894,10.088437373249903,9.592409516481217,8.144226250700527,7.563050009889221,6.781919910134925,4.248495242049359,2.302585092994046,11.237145612575409,6.118097198041348,7.555172607835908,-0.10536051565782628,8.471685402354748,10.08576222073083,9.58938974310081,8.122418734116192,7.531316555102988,6.731030033585108
308,8.493947450601892,10.104682829017957,9.595419252526657,8.16349951337054,7.583980080346133,6.7760165642642445,3.6888794541139363,2.302585092994046,11.355358957841801,6.246106765481563,7.551081764558126,-0.2484613592984996,8.479212240639894,10.088437373249903,9.592409516481217,8.144226250700527,7.563050009889221,6.781919910134925
